2024-06-25 09:30:00-04:00,209.0800018310547,210.0500030517578,208.61000061035156,210.03500366210938,210.03500366210938,2810556
2024-06-25 09:31:00-04:00,210.035400390625,210.1199951171875,209.83999633789062,210.10000610351562,210.10000610351562,376029
2024-06-25 09:32:00-04:00,210.1094970703125,210.6999969482422,210.00999450683594,210.6699981689453,210.6699981689453,432452
2024-06-25 09:33:00-04:00,210.6699981689453,210.77000427246094,210.35000610351562,210.35000610351562,210.35000610351562,457735
2024-06-25 09:34:00-04:00,210.3529052734375,210.57000732421875,210.22000122070312,210.52000427246094,210.52000427246094,288800
2024-06-25 09:35:00-04:00,210.52999877929688,210.5399932861328,210.2760009765625,210.47000122070312,210.47000122070312,255038
2024-06-25 09:36:00-04:00,210.47000122070312,210.66000366210938,210.42080688476562,210.52000427246094,210.52000427246094,289582
2024-06-25 09:37:00-04:00,210.51930236816406,210.75,210.37010192871094,210.65390014648438,210.65390014648438,272698
2024-06-25 09:38:00-04:00,210.66000366210938,211.25999450683594,210.64999389648438,211.21499633789062,211.21499633789062,482978
2024-06-25 09:39:00-04:00,211.1999969482422,211.1999969482422,210.6699981689453,210.7740020751953,210.7740020751953,370074
2024-06-25 09:40:00-04:00,210.77999877929688,211.35000610351562,210.75999450683594,211.2899932861328,211.2899932861328,297489
2024-06-25 09:41:00-04:00,211.29989624023438,211.3800048828125,210.55999755859375,210.55999755859375,210.55999755859375,400444
2024-06-25 09:42:00-04:00,210.57730102539062,210.5998992919922,210.02000427246094,210.2144012451172,210.2144012451172,404879
2024-06-25 09:43:00-04:00,210.22999572753906,210.86000061035156,210.2100067138672,210.85000610351562,210.85000610351562,239039
2024-06-25 09:44:00-04:00,210.8592071533203,211.1699981689453,210.27000427246094,210.31500244140625,210.31500244140625,320593
2024-06-25 09:45:00-04:00,210.27999877929688,210.39999389648438,210.0,210.10009765625,210.10009765625,216396
2024-06-25 09:46:00-04:00,210.2949981689453,210.33999633789062,210.08999633789062,210.0998992919922,210.0998992919922,226706
2024-06-25 09:47:00-04:00,210.0800018310547,210.22999572753906,209.85000610351562,210.0500030517578,210.0500030517578,256233
2024-06-25 09:48:00-04:00,210.0500030517578,210.3000030517578,209.8800048828125,209.94000244140625,209.94000244140625,193358
2024-06-25 09:49:00-04:00,209.92050170898438,209.97999572753906,209.75,209.77000427246094,209.77000427246094,141382
2024-06-25 09:50:00-04:00,209.77000427246094,209.89999389648438,209.75,209.83999633789062,209.83999633789062,170668
2024-06-25 09:51:00-04:00,209.84530639648438,209.94900512695312,209.6300048828125,209.85000610351562,209.85000610351562,196630
2024-06-25 09:52:00-04:00,209.85450744628906,209.98989868164062,209.6699981689453,209.80999755859375,209.80999755859375,152073
2024-06-25 09:53:00-04:00,209.8300018310547,209.9600067138672,209.8000030517578,209.91200256347656,209.91200256347656,115906
2024-06-25 09:54:00-04:00,209.9001007080078,210.05999755859375,209.82000732421875,209.99009704589844,209.99009704589844,190125
2024-06-25 09:55:00-04:00,209.9949951171875,210.17999267578125,209.97500610351562,210.1300048828125,210.1300048828125,188500
2024-06-25 09:56:00-04:00,210.11000061035156,210.16000366210938,209.99000549316406,210.0,210.0,141361
2024-06-25 09:57:00-04:00,210.0,210.0500030517578,209.9499969482422,210.0399932861328,210.0399932861328,179143
2024-06-25 09:58:00-04:00,210.02999877929688,210.13999938964844,209.97000122070312,210.08990478515625,210.08990478515625,114377
2024-06-25 09:59:00-04:00,210.07879638671875,210.11000061035156,209.80999755859375,210.10960388183594,210.10960388183594,148252
2024-06-25 10:00:00-04:00,210.11000061035156,210.27000427246094,209.91000366210938,210.22000122070312,210.22000122070312,156794
2024-06-25 10:01:00-04:00,210.22999572753906,210.2899932861328,209.98500061035156,210.00999450683594,210.00999450683594,151145
2024-06-25 10:02:00-04:00,210.02999877929688,210.2799072265625,209.91000366210938,210.16000366210938,210.16000366210938,137823
2024-06-25 10:03:00-04:00,210.1699981689453,210.53619384765625,210.1699981689453,210.33999633789062,210.33999633789062,144482
2024-06-25 10:04:00-04:00,210.33999633789062,210.50999450683594,210.2449951171875,210.50999450683594,210.50999450683594,137191
2024-06-25 10:05:00-04:00,210.5,210.72000122070312,210.42999267578125,210.4600067138672,210.4600067138672,192360
2024-06-25 10:06:00-04:00,210.4803924560547,210.63999938964844,210.32000732421875,210.36990356445312,210.36990356445312,152299
2024-06-25 10:07:00-04:00,210.36000061035156,210.39990234375,210.02999877929688,210.05999755859375,210.05999755859375,135493
2024-06-25 10:08:00-04:00,210.0500030517578,210.27999877929688,210.0,210.27000427246094,210.27000427246094,113325
2024-06-25 10:09:00-04:00,210.26499938964844,210.3300018310547,210.11000061035156,210.24000549316406,210.24000549316406,109963
2024-06-25 10:10:00-04:00,210.23199462890625,210.3800048828125,210.1125030517578,210.36000061035156,210.36000061035156,121635
2024-06-25 10:11:00-04:00,210.3699951171875,210.3699951171875,210.0399932861328,210.05599975585938,210.05599975585938,135394
2024-06-25 10:12:00-04:00,210.05990600585938,210.1199951171875,209.6699981689453,209.78990173339844,209.78990173339844,217077
2024-06-25 10:13:00-04:00,209.77499389648438,209.85499572753906,209.61000061035156,209.80499267578125,209.80499267578125,136617
2024-06-25 10:14:00-04:00,209.80499267578125,209.82000732421875,209.66000366210938,209.78990173339844,209.78990173339844,147628
2024-06-25 10:15:00-04:00,209.7899932861328,209.85000610351562,209.57000732421875,209.57000732421875,209.57000732421875,140322
2024-06-25 10:16:00-04:00,209.57000732421875,209.60000610351562,209.32000732421875,209.38499450683594,209.38499450683594,155968
2024-06-25 10:17:00-04:00,209.38999938964844,209.64999389648438,209.3249969482422,209.6033935546875,209.6033935546875,168706
2024-06-25 10:18:00-04:00,209.62680053710938,209.66000366210938,209.5,209.5500030517578,209.5500030517578,82261
2024-06-25 10:19:00-04:00,209.5500030517578,209.55999755859375,209.32000732421875,209.53640747070312,209.53640747070312,112430
2024-06-25 10:20:00-04:00,209.52999877929688,209.66299438476562,209.51499938964844,209.55999755859375,209.55999755859375,96899
2024-06-25 10:21:00-04:00,209.5500030517578,209.7899932861328,209.5399932861328,209.7899932861328,209.7899932861328,124634
2024-06-25 10:22:00-04:00,209.77999877929688,210.07000732421875,209.77999877929688,209.97999572753906,209.97999572753906,147898
2024-06-25 10:23:00-04:00,209.9718017578125,210.22999572753906,209.9718017578125,210.02999877929688,210.02999877929688,168677
2024-06-25 10:24:00-04:00,210.02999877929688,210.07000732421875,209.89999389648438,210.07000732421875,210.07000732421875,155367
2024-06-25 10:25:00-04:00,210.06500244140625,210.13999938964844,210.02999877929688,210.13999938964844,210.13999938964844,100120
2024-06-25 10:26:00-04:00,210.13999938964844,210.1855926513672,210.02000427246094,210.0399932861328,210.0399932861328,83186
2024-06-25 10:27:00-04:00,210.0399932861328,210.11000061035156,210.02000427246094,210.11000061035156,210.11000061035156,63996
2024-06-25 10:28:00-04:00,210.11000061035156,210.13999938964844,209.85000610351562,209.85220336914062,209.85220336914062,95355
2024-06-25 10:29:00-04:00,209.86000061035156,209.875,209.75999450683594,209.79989624023438,209.79989624023438,118136
2024-06-25 10:30:00-04:00,209.8000030517578,210.0800018310547,209.7949981689453,209.88999938964844,209.88999938964844,107655
2024-06-25 10:31:00-04:00,209.85000610351562,210.02999877929688,209.8209991455078,210.01589965820312,210.01589965820312,122175
2024-06-25 10:32:00-04:00,210.0186004638672,210.10000610351562,209.95010375976562,210.0850067138672,210.0850067138672,89857
2024-06-25 10:33:00-04:00,210.09500122070312,210.09500122070312,209.77499389648438,209.8300018310547,209.8300018310547,119144
2024-06-25 10:34:00-04:00,209.83999633789062,209.8800048828125,209.77000427246094,209.86000061035156,209.86000061035156,78771
2024-06-25 10:35:00-04:00,209.8300018310547,209.8697052001953,209.77999877929688,209.8350067138672,209.8350067138672,77051
2024-06-25 10:36:00-04:00,209.8300018310547,209.89990234375,209.8300018310547,209.86000061035156,209.86000061035156,102187
2024-06-25 10:37:00-04:00,209.84869384765625,210.07000732421875,209.81500244140625,209.95840454101562,209.95840454101562,127755
2024-06-25 10:38:00-04:00,209.9600067138672,209.9799041748047,209.86000061035156,209.91000366210938,209.91000366210938,43086
2024-06-25 10:39:00-04:00,209.92999267578125,210.0198974609375,209.89999389648438,210.0,210.0,124454
2024-06-25 10:40:00-04:00,209.9949951171875,210.16000366210938,209.92999267578125,210.10000610351562,210.10000610351562,100538
2024-06-25 10:41:00-04:00,210.0800018310547,210.1300048828125,209.82009887695312,209.8260040283203,209.8260040283203,281701
2024-06-25 10:42:00-04:00,209.82000732421875,209.8249969482422,209.5449981689453,209.697998046875,209.697998046875,392679
2024-06-25 10:43:00-04:00,209.69400024414062,209.77000427246094,209.64010620117188,209.69000244140625,209.69000244140625,292636
2024-06-25 10:44:00-04:00,209.6820068359375,209.72999572753906,209.52999877929688,209.6027069091797,209.6027069091797,174299
2024-06-25 10:45:00-04:00,209.61000061035156,209.6300048828125,209.5399932861328,209.5998992919922,209.5998992919922,132950
2024-06-25 10:46:00-04:00,209.60000610351562,209.68359375,209.50999450683594,209.67999267578125,209.67999267578125,115360
2024-06-25 10:47:00-04:00,209.67909240722656,209.7899932861328,209.610107421875,209.7899932861328,209.7899932861328,89252
2024-06-25 10:48:00-04:00,209.7852020263672,209.9499969482422,209.78500366210938,209.9499969482422,209.9499969482422,104962
2024-06-25 10:49:00-04:00,209.95489501953125,209.97000122070312,209.77000427246094,209.8800048828125,209.8800048828125,88437
2024-06-25 10:50:00-04:00,209.88999938964844,209.9199981689453,209.72999572753906,209.74000549316406,209.74000549316406,47611
2024-06-25 10:51:00-04:00,209.7480010986328,209.7899932861328,209.63009643554688,209.71200561523438,209.71200561523438,63896
2024-06-25 10:52:00-04:00,209.72000122070312,209.7270965576172,209.5800018310547,209.66000366210938,209.66000366210938,52010
2024-06-25 10:53:00-04:00,209.6591033935547,209.67999267578125,209.61000061035156,209.63999938964844,209.63999938964844,41841
2024-06-25 10:54:00-04:00,209.63999938964844,209.63999938964844,209.57339477539062,209.6060028076172,209.6060028076172,59860
2024-06-25 10:55:00-04:00,209.60499572753906,209.60499572753906,209.4499969482422,209.5,209.5,89792
2024-06-25 10:56:00-04:00,209.5,209.5395050048828,209.30999755859375,209.3300018310547,209.3300018310547,70345
2024-06-25 10:57:00-04:00,209.33909606933594,209.36000061035156,209.22999572753906,209.25979614257812,209.25979614257812,138286
2024-06-25 10:58:00-04:00,209.25999450683594,209.3699951171875,209.20010375976562,209.3699951171875,209.3699951171875,83643
2024-06-25 10:59:00-04:00,209.3699951171875,209.44000244140625,209.26010131835938,209.3000030517578,209.3000030517578,100570
2024-06-25 11:00:00-04:00,209.2899932861328,209.4550018310547,209.2899932861328,209.4499969482422,209.4499969482422,68885
2024-06-25 11:01:00-04:00,209.4600067138672,209.47999572753906,209.35000610351562,209.4600067138672,209.4600067138672,74251
2024-06-25 11:02:00-04:00,209.4698028564453,209.50999450683594,209.37010192871094,209.4199981689453,209.4199981689453,78173
2024-06-25 11:03:00-04:00,209.4199981689453,209.6199951171875,209.3800048828125,209.61000061035156,209.61000061035156,450130
2024-06-25 11:04:00-04:00,209.60000610351562,209.61000061035156,209.3101043701172,209.3583984375,209.3583984375,65621
2024-06-25 11:05:00-04:00,209.35670471191406,209.52999877929688,209.29049682617188,209.4600067138672,209.4600067138672,115345
2024-06-25 11:06:00-04:00,209.45599365234375,209.66000366210938,209.4550018310547,209.59649658203125,209.59649658203125,92127
2024-06-25 11:07:00-04:00,209.58999633789062,209.61000061035156,209.42999267578125,209.4600067138672,209.4600067138672,89038
2024-06-25 11:08:00-04:00,209.4499969482422,209.53990173339844,209.44949340820312,209.52000427246094,209.52000427246094,138919
2024-06-25 11:09:00-04:00,209.52000427246094,209.52000427246094,209.4344024658203,209.43539428710938,209.43539428710938,60335
2024-06-25 11:10:00-04:00,209.43499755859375,209.52999877929688,209.41000366210938,209.49270629882812,209.49270629882812,82063
2024-06-25 11:11:00-04:00,209.50999450683594,209.77000427246094,209.5,209.7471923828125,209.7471923828125,106371
2024-06-25 11:12:00-04:00,209.75,209.76910400390625,209.63999938964844,209.69200134277344,209.69200134277344,75588
2024-06-25 11:13:00-04:00,209.69000244140625,209.7100067138672,209.61000061035156,209.69500732421875,209.69500732421875,50676
2024-06-25 11:14:00-04:00,209.6999969482422,209.9199981689453,209.6999969482422,209.9199981689453,209.9199981689453,123149
2024-06-25 11:15:00-04:00,209.92979431152344,210.0399932861328,209.9145050048828,209.9759979248047,209.9759979248047,134060
2024-06-25 11:16:00-04:00,209.97999572753906,210.24000549316406,209.9600067138672,210.21009826660156,210.21009826660156,130937
2024-06-25 11:17:00-04:00,210.21890258789062,210.22999572753906,210.03399658203125,210.15499877929688,210.15499877929688,122766
2024-06-25 11:18:00-04:00,210.1699981689453,210.25,210.13999938964844,210.16000366210938,210.16000366210938,102820
2024-06-25 11:19:00-04:00,210.16000366210938,210.25,210.05250549316406,210.20989990234375,210.20989990234375,97549
2024-06-25 11:20:00-04:00,210.2050018310547,210.25999450683594,210.13999938964844,210.17999267578125,210.17999267578125,87204
2024-06-25 11:21:00-04:00,210.1999969482422,210.1999969482422,209.92999267578125,210.07000732421875,210.07000732421875,179550
2024-06-25 11:22:00-04:00,210.08200073242188,210.0998992919922,209.92999267578125,209.99429321289062,209.99429321289062,70009
2024-06-25 11:23:00-04:00,210.0,210.0,209.8603973388672,209.9600067138672,209.9600067138672,57542
2024-06-25 11:24:00-04:00,209.9550018310547,209.9600067138672,209.81500244140625,209.85499572753906,209.85499572753906,66410
2024-06-25 11:25:00-04:00,209.8647003173828,209.92999267578125,209.83999633789062,209.8699951171875,209.8699951171875,55178
2024-06-25 11:26:00-04:00,209.86000061035156,209.9199981689453,209.72000122070312,209.7550048828125,209.7550048828125,71987
2024-06-25 11:27:00-04:00,209.75999450683594,209.75999450683594,209.57249450683594,209.6300048828125,209.6300048828125,71547
2024-06-25 11:28:00-04:00,209.63999938964844,209.72999572753906,209.63999938964844,209.72999572753906,209.72999572753906,59747
2024-06-25 11:29:00-04:00,209.72000122070312,209.77000427246094,209.70010375976562,209.7100067138672,209.7100067138672,55421
2024-06-25 11:30:00-04:00,209.72000122070312,209.9364013671875,209.7100067138672,209.9300994873047,209.9300994873047,71435
2024-06-25 11:31:00-04:00,209.94000244140625,209.9600067138672,209.83999633789062,209.9261932373047,209.9261932373047,67880
2024-06-25 11:32:00-04:00,209.91000366210938,210.05999755859375,209.86000061035156,210.03500366210938,210.03500366210938,104178
2024-06-25 11:33:00-04:00,210.0399932861328,210.0399932861328,209.88999938964844,209.97999572753906,209.97999572753906,55675
2024-06-25 11:34:00-04:00,209.9862060546875,210.0399932861328,209.851806640625,210.00999450683594,210.00999450683594,61134
2024-06-25 11:35:00-04:00,209.99000549316406,210.02999877929688,209.9499969482422,209.9600067138672,209.9600067138672,56434
2024-06-25 11:36:00-04:00,209.9499969482422,209.9600067138672,209.860107421875,209.8679962158203,209.8679962158203,43889
2024-06-25 11:37:00-04:00,209.8699951171875,209.93499755859375,209.83999633789062,209.9239044189453,209.9239044189453,52701
2024-06-25 11:38:00-04:00,209.92010498046875,210.02000427246094,209.87399291992188,210.00999450683594,210.00999450683594,66280
2024-06-25 11:39:00-04:00,210.00999450683594,210.00999450683594,209.87570190429688,209.8800048828125,209.8800048828125,45251
2024-06-25 11:40:00-04:00,209.88250732421875,209.94000244140625,209.8415985107422,209.9340057373047,209.9340057373047,48901
2024-06-25 11:41:00-04:00,209.94000244140625,210.0399932861328,209.91000366210938,210.03799438476562,210.03799438476562,42155
2024-06-25 11:42:00-04:00,210.03399658203125,210.0399932861328,209.97999572753906,210.00999450683594,210.00999450683594,33198
2024-06-25 11:43:00-04:00,210.02000427246094,210.16990661621094,209.97999572753906,210.16990661621094,210.16990661621094,57387
2024-06-25 11:44:00-04:00,210.16799926757812,210.17999267578125,210.02000427246094,210.05569458007812,210.05569458007812,58399
2024-06-25 11:45:00-04:00,210.05499267578125,210.05999755859375,209.97999572753906,210.00999450683594,210.00999450683594,39669
2024-06-25 11:46:00-04:00,210.0050048828125,210.10699462890625,209.99009704589844,210.10000610351562,210.10000610351562,61911
2024-06-25 11:47:00-04:00,210.11000061035156,210.16000366210938,210.08999633789062,210.13999938964844,210.13999938964844,60080
2024-06-25 11:48:00-04:00,210.15499877929688,210.17999267578125,210.1199951171875,210.1199951171875,210.1199951171875,45291
2024-06-25 11:49:00-04:00,210.1199951171875,210.14990234375,210.0500030517578,210.13999938964844,210.13999938964844,69331
2024-06-25 11:50:00-04:00,210.14500427246094,210.1999969482422,210.13999938964844,210.197998046875,210.197998046875,94847
2024-06-25 11:51:00-04:00,210.19500732421875,210.36000061035156,210.19000244140625,210.3300018310547,210.3300018310547,85197
2024-06-25 11:52:00-04:00,210.3323974609375,210.38999938964844,210.27999877929688,210.28329467773438,210.28329467773438,92994
2024-06-25 11:53:00-04:00,210.2899932861328,210.42999267578125,210.28500366210938,210.41140747070312,210.41140747070312,109238
2024-06-25 11:54:00-04:00,210.4199981689453,210.47999572753906,210.41000366210938,210.4700927734375,210.4700927734375,97701
2024-06-25 11:55:00-04:00,210.47500610351562,210.47999572753906,210.3300018310547,210.33030700683594,210.33030700683594,75321
2024-06-25 11:56:00-04:00,210.33999633789062,210.39500427246094,210.30349731445312,210.35989379882812,210.35989379882812,57941
2024-06-25 11:57:00-04:00,210.36000061035156,210.4149932861328,210.3300018310547,210.3527069091797,210.3527069091797,49342
2024-06-25 11:58:00-04:00,210.35000610351562,210.35000610351562,210.27999877929688,210.2899932861328,210.2899932861328,58406
2024-06-25 11:59:00-04:00,210.2899932861328,210.33599853515625,210.27000427246094,210.3300018310547,210.3300018310547,43823
2024-06-25 12:00:00-04:00,210.32000732421875,210.42999267578125,210.27000427246094,210.42999267578125,210.42999267578125,148675
2024-06-25 12:01:00-04:00,210.42999267578125,210.48500061035156,210.39999389648438,210.45599365234375,210.45599365234375,74106
2024-06-25 12:02:00-04:00,210.46499633789062,210.48500061035156,210.30999755859375,210.31500244140625,210.31500244140625,55752
2024-06-25 12:03:00-04:00,210.30999755859375,210.30999755859375,210.08999633789062,210.08999633789062,210.08999633789062,71919
2024-06-25 12:04:00-04:00,210.09820556640625,210.10000610351562,209.97500610351562,210.0500030517578,210.0500030517578,60672
2024-06-25 12:05:00-04:00,210.05990600585938,210.1300048828125,210.02000427246094,210.125,210.125,45973
2024-06-25 12:06:00-04:00,210.125,210.25,210.1199951171875,210.1905059814453,210.1905059814453,76316
2024-06-25 12:07:00-04:00,210.1967010498047,210.24989318847656,210.17999267578125,210.22850036621094,210.22850036621094,54525
2024-06-25 12:08:00-04:00,210.2259979248047,210.25979614257812,210.19500732421875,210.24560546875,210.24560546875,33206
2024-06-25 12:09:00-04:00,210.25,210.2698974609375,210.17999267578125,210.23500061035156,210.23500061035156,45678
2024-06-25 12:10:00-04:00,210.22999572753906,210.25999450683594,210.14999389648438,210.25999450683594,210.25999450683594,68318
2024-06-25 12:11:00-04:00,210.25430297851562,210.41000366210938,210.25430297851562,210.40499877929688,210.40499877929688,63408
2024-06-25 12:12:00-04:00,210.4053955078125,210.406005859375,210.30999755859375,210.30999755859375,210.30999755859375,48823
2024-06-25 12:13:00-04:00,210.30999755859375,210.3350067138672,210.1300048828125,210.1699981689453,210.1699981689453,75819
2024-06-25 12:14:00-04:00,210.17010498046875,210.17999267578125,210.10000610351562,210.14999389648438,210.14999389648438,46464
2024-06-25 12:15:00-04:00,210.13999938964844,210.1699981689453,210.1199951171875,210.1300048828125,210.1300048828125,28509
2024-06-25 12:16:00-04:00,210.1199951171875,210.16000366210938,210.0500030517578,210.1300048828125,210.1300048828125,65103
2024-06-25 12:17:00-04:00,210.125,210.16000366210938,210.05999755859375,210.10000610351562,210.10000610351562,46620
2024-06-25 12:18:00-04:00,210.11000061035156,210.11000061035156,209.8939971923828,209.9499053955078,209.9499053955078,74592
2024-06-25 12:19:00-04:00,209.94000244140625,210.0,209.89999389648438,209.985107421875,209.985107421875,34912
2024-06-25 12:20:00-04:00,209.98989868164062,210.02999877929688,209.9499969482422,210.02999877929688,210.02999877929688,36975
2024-06-25 12:21:00-04:00,210.02000427246094,210.07899475097656,209.9705047607422,210.0050048828125,210.0050048828125,44486
2024-06-25 12:22:00-04:00,210.0019989013672,210.0399932861328,209.8300018310547,209.8699951171875,209.8699951171875,45999
2024-06-25 12:23:00-04:00,209.85499572753906,209.97830200195312,209.84500122070312,209.9700927734375,209.9700927734375,39078
2024-06-25 12:24:00-04:00,209.9799041748047,210.1300048828125,209.97500610351562,210.11000061035156,210.11000061035156,51998
2024-06-25 12:25:00-04:00,210.11000061035156,210.1300048828125,210.0800018310547,210.08009338378906,210.08009338378906,37829
2024-06-25 12:26:00-04:00,210.0850067138672,210.16000366210938,210.0850067138672,210.15499877929688,210.15499877929688,39273
2024-06-25 12:27:00-04:00,210.16000366210938,210.22999572753906,210.13499450683594,210.17799377441406,210.17799377441406,46324
2024-06-25 12:28:00-04:00,210.17030334472656,210.1898956298828,210.11500549316406,210.14999389648438,210.14999389648438,36814
2024-06-25 12:29:00-04:00,210.13999938964844,210.13999938964844,210.03140258789062,210.03140258789062,210.03140258789062,36085
2024-06-25 12:30:00-04:00,210.02999877929688,210.03500366210938,209.84010314941406,209.85000610351562,209.85000610351562,77799
2024-06-25 12:31:00-04:00,209.83999633789062,210.03970336914062,209.77999877929688,210.01010131835938,210.01010131835938,88230
2024-06-25 12:32:00-04:00,210.0399932861328,210.0500030517578,209.94500732421875,209.9600067138672,209.9600067138672,38301
2024-06-25 12:33:00-04:00,209.9597930908203,210.03990173339844,209.8433074951172,209.90499877929688,209.90499877929688,42682
2024-06-25 12:34:00-04:00,209.90499877929688,209.99000549316406,209.89999389648438,209.9600067138672,209.9600067138672,31529
2024-06-25 12:35:00-04:00,209.92999267578125,209.92999267578125,209.89500427246094,209.9241943359375,209.9241943359375,16978
2024-06-25 12:36:00-04:00,209.9949951171875,209.9949951171875,209.96499633789062,209.97500610351562,209.97500610351562,52756
2024-06-25 12:37:00-04:00,209.97500610351562,210.05499267578125,209.9700927734375,210.0301055908203,210.0301055908203,40147
2024-06-25 12:38:00-04:00,210.02999877929688,210.02999877929688,209.93499755859375,209.9575958251953,209.9575958251953,34956
2024-06-25 12:39:00-04:00,209.9499969482422,209.9799041748047,209.89999389648438,209.9149932861328,209.9149932861328,41152
2024-06-25 12:40:00-04:00,209.9149932861328,210.00999450683594,209.89309692382812,209.97000122070312,209.97000122070312,106522
2024-06-25 12:41:00-04:00,209.97000122070312,210.00999450683594,209.9499969482422,210.00999450683594,210.00999450683594,42537
2024-06-25 12:42:00-04:00,210.00999450683594,210.0800018310547,209.99000549316406,210.0028076171875,210.0028076171875,62822
2024-06-25 12:43:00-04:00,210.00999450683594,210.16000366210938,210.0,210.1510009765625,210.1510009765625,49567
2024-06-25 12:44:00-04:00,210.15499877929688,210.15989685058594,209.97000122070312,210.0,210.0,82365
2024-06-25 12:45:00-04:00,209.9980010986328,210.0800018310547,209.97000122070312,210.02000427246094,210.02000427246094,46642
2024-06-25 12:46:00-04:00,210.02000427246094,210.0299072265625,209.9550018310547,210.00570678710938,210.00570678710938,62090
2024-06-25 12:47:00-04:00,210.0,210.01499938964844,209.90499877929688,209.97999572753906,209.97999572753906,37806
2024-06-25 12:48:00-04:00,209.97999572753906,209.98500061035156,209.8699951171875,209.8699951171875,209.8699951171875,47707
2024-06-25 12:49:00-04:00,209.86819458007812,210.0,209.7698974609375,209.9499969482422,209.9499969482422,65848
2024-06-25 12:50:00-04:00,209.97999572753906,210.0800018310547,209.97500610351562,210.05450439453125,210.05450439453125,39236
2024-06-25 12:51:00-04:00,210.05599975585938,210.07989501953125,209.9241943359375,209.94000244140625,209.94000244140625,40125
2024-06-25 12:52:00-04:00,209.92999267578125,209.92999267578125,209.83999633789062,209.8699951171875,209.8699951171875,29302
2024-06-25 12:53:00-04:00,209.8697967529297,209.8699951171875,209.8000030517578,209.8489990234375,209.8489990234375,32575
2024-06-25 12:54:00-04:00,209.84500122070312,209.84500122070312,209.72000122070312,209.75,209.75,74805
2024-06-25 12:55:00-04:00,209.75779724121094,209.75779724121094,209.5399932861328,209.6013946533203,209.6013946533203,61305
2024-06-25 12:56:00-04:00,209.60000610351562,209.7100067138672,209.60000610351562,209.6959991455078,209.6959991455078,65418
2024-06-25 12:57:00-04:00,209.7050018310547,209.74000549316406,209.68299865722656,209.69500732421875,209.69500732421875,35656
2024-06-25 12:58:00-04:00,209.6959991455078,209.7191925048828,209.63999938964844,209.6999969482422,209.6999969482422,53294
2024-06-25 12:59:00-04:00,209.6999969482422,209.72000122070312,209.63499450683594,209.7165985107422,209.7165985107422,41667
2024-06-25 13:00:00-04:00,209.71499633789062,209.8300018310547,209.6699981689453,209.8050994873047,209.8050994873047,70124
2024-06-25 13:01:00-04:00,209.8050994873047,209.86000061035156,209.8000030517578,209.83999633789062,209.83999633789062,43751
2024-06-25 13:02:00-04:00,209.85000610351562,209.88999938964844,209.8000030517578,209.8000030517578,209.8000030517578,68682
2024-06-25 13:03:00-04:00,209.80499267578125,209.80999755859375,209.68499755859375,209.70989990234375,209.70989990234375,47389
2024-06-25 13:04:00-04:00,209.6999969482422,209.8000030517578,209.60000610351562,209.60499572753906,209.60499572753906,85326
2024-06-25 13:05:00-04:00,209.60000610351562,209.6199951171875,209.42999267578125,209.42999267578125,209.42999267578125,89653
2024-06-25 13:06:00-04:00,209.43850708007812,209.5,209.3802947998047,209.4149932861328,209.4149932861328,64045
2024-06-25 13:07:00-04:00,209.4149932861328,209.4949951171875,209.41000366210938,209.4550018310547,209.4550018310547,41995
2024-06-25 13:08:00-04:00,209.4499969482422,209.4949951171875,209.39999389648438,209.42999267578125,209.42999267578125,44444
2024-06-25 13:09:00-04:00,209.4250030517578,209.48919677734375,209.3800048828125,209.47999572753906,209.47999572753906,83444
2024-06-25 13:10:00-04:00,209.47999572753906,209.6199951171875,209.47500610351562,209.60870361328125,209.60870361328125,54137
2024-06-25 13:11:00-04:00,209.60000610351562,209.66000366210938,209.56500244140625,209.63999938964844,209.63999938964844,48927
2024-06-25 13:12:00-04:00,209.63999938964844,209.67999267578125,209.6024932861328,209.67999267578125,209.67999267578125,45416
2024-06-25 13:13:00-04:00,209.6824951171875,209.71499633789062,209.66000366210938,209.66900634765625,209.66900634765625,61294
2024-06-25 13:14:00-04:00,209.6699981689453,209.83949279785156,209.6199951171875,209.82659912109375,209.82659912109375,60508
2024-06-25 13:15:00-04:00,209.80999755859375,209.82000732421875,209.73500061035156,209.75,209.75,41742
2024-06-25 13:16:00-04:00,209.7550048828125,209.77999877929688,209.7550048828125,209.77000427246094,209.77000427246094,35961
2024-06-25 13:17:00-04:00,209.7646026611328,209.77000427246094,209.7100067138672,209.72470092773438,209.72470092773438,49268
2024-06-25 13:18:00-04:00,209.7301025390625,209.8249969482422,209.72000122070312,209.8249969482422,209.8249969482422,38852
2024-06-25 13:19:00-04:00,209.80999755859375,209.85499572753906,209.80999755859375,209.83999633789062,209.83999633789062,46330
2024-06-25 13:20:00-04:00,209.8415069580078,209.8699951171875,209.8300018310547,209.85000610351562,209.85000610351562,55923
2024-06-25 13:21:00-04:00,209.8553924560547,209.91000366210938,209.85000610351562,209.88999938964844,209.88999938964844,53886
2024-06-25 13:22:00-04:00,209.89999389648438,209.92520141601562,209.86500549316406,209.88499450683594,209.88499450683594,77439
2024-06-25 13:23:00-04:00,209.8800048828125,209.91000366210938,209.8800048828125,209.88780212402344,209.88780212402344,29020
2024-06-25 13:24:00-04:00,209.88499450683594,209.92999267578125,209.8800048828125,209.9250030517578,209.9250030517578,50901
2024-06-25 13:25:00-04:00,209.94000244140625,210.01499938964844,209.94000244140625,209.97500610351562,209.97500610351562,120809
2024-06-25 13:26:00-04:00,209.9759979248047,210.08999633789062,209.97000122070312,210.06539916992188,210.06539916992188,85987
2024-06-25 13:27:00-04:00,210.07000732421875,210.13999938964844,210.07000732421875,210.1199951171875,210.1199951171875,59879
2024-06-25 13:28:00-04:00,210.1199951171875,210.19000244140625,210.10000610351562,210.13499450683594,210.13499450683594,128097
2024-06-25 13:29:00-04:00,210.13499450683594,210.1381072998047,210.06500244140625,210.11500549316406,210.11500549316406,54148
2024-06-25 13:30:00-04:00,210.11500549316406,210.11590576171875,209.94000244140625,210.02000427246094,210.02000427246094,53574
2024-06-25 13:31:00-04:00,210.02999877929688,210.07879638671875,210.0281982421875,210.07870483398438,210.07870483398438,34181
2024-06-25 13:32:00-04:00,210.0749969482422,210.1199951171875,210.0749969482422,210.11500549316406,210.11500549316406,54878
2024-06-25 13:33:00-04:00,210.1199951171875,210.14999389648438,210.07000732421875,210.0749969482422,210.0749969482422,111134
2024-06-25 13:34:00-04:00,210.0749969482422,210.1300048828125,210.05499267578125,210.10009765625,210.10009765625,38037
2024-06-25 13:35:00-04:00,210.10760498046875,210.1096954345703,210.0352020263672,210.08999633789062,210.08999633789062,39666
2024-06-25 13:36:00-04:00,210.08999633789062,210.11000061035156,210.05999755859375,210.08999633789062,210.08999633789062,39358
2024-06-25 13:37:00-04:00,210.08999633789062,210.10499572753906,210.0800018310547,210.10499572753906,210.10499572753906,34199
2024-06-25 13:38:00-04:00,210.11000061035156,210.14840698242188,210.10000610351562,210.13540649414062,210.13540649414062,66418
2024-06-25 13:39:00-04:00,210.13499450683594,210.13999938964844,210.07029724121094,210.0959930419922,210.0959930419922,50413
2024-06-25 13:40:00-04:00,210.08999633789062,210.27000427246094,210.08999633789062,210.27000427246094,210.27000427246094,67155
2024-06-25 13:41:00-04:00,210.27000427246094,210.27000427246094,210.22000122070312,210.25,210.25,58130
2024-06-25 13:42:00-04:00,210.25750732421875,210.26600646972656,210.22000122070312,210.2324981689453,210.2324981689453,56011
2024-06-25 13:43:00-04:00,210.24000549316406,210.2490997314453,210.17999267578125,210.19000244140625,210.19000244140625,51022
2024-06-25 13:44:00-04:00,210.19500732421875,210.24000549316406,210.19000244140625,210.2100067138672,210.2100067138672,84208
2024-06-25 13:45:00-04:00,210.22000122070312,210.36000061035156,210.1300048828125,210.15499877929688,210.15499877929688,118765
2024-06-25 13:46:00-04:00,210.14999389648438,210.22000122070312,210.09060668945312,210.17999267578125,210.17999267578125,100515
2024-06-25 13:47:00-04:00,210.1898956298828,210.1898956298828,210.05999755859375,210.05999755859375,210.05999755859375,40781
2024-06-25 13:48:00-04:00,210.0500030517578,210.23500061035156,210.04110717773438,210.22999572753906,210.22999572753906,80862
2024-06-25 13:49:00-04:00,210.22500610351562,210.32000732421875,210.1999969482422,210.32000732421875,210.32000732421875,49578
2024-06-25 13:50:00-04:00,210.31500244140625,210.38999938964844,210.31500244140625,210.3582000732422,210.3582000732422,89889
2024-06-25 13:51:00-04:00,210.36000061035156,210.3800048828125,210.27999877929688,210.30499267578125,210.30499267578125,69891
2024-06-25 13:52:00-04:00,210.30499267578125,210.30999755859375,210.15879821777344,210.1746063232422,210.1746063232422,44997
2024-06-25 13:53:00-04:00,210.17750549316406,210.19000244140625,210.125,210.18910217285156,210.18910217285156,35165
2024-06-25 13:54:00-04:00,210.17999267578125,210.17999267578125,210.0800018310547,210.14999389648438,210.14999389648438,53064
2024-06-25 13:55:00-04:00,210.16000366210938,210.25,210.14999389648438,210.25,210.25,26358
2024-06-25 13:56:00-04:00,210.25990295410156,210.27999877929688,210.22000122070312,210.22000122070312,210.22000122070312,56988
2024-06-25 13:57:00-04:00,210.2281951904297,210.27999877929688,210.1999969482422,210.277099609375,210.277099609375,27752
2024-06-25 13:58:00-04:00,210.27999877929688,210.32000732421875,210.27000427246094,210.3000030517578,210.3000030517578,48907
2024-06-25 13:59:00-04:00,210.29800415039062,210.3000030517578,210.25,210.27999877929688,210.27999877929688,40198
2024-06-25 14:00:00-04:00,210.2801055908203,210.2801055908203,210.25,210.2550048828125,210.2550048828125,27554
2024-06-25 14:01:00-04:00,210.2550048828125,210.27000427246094,210.2100067138672,210.25,210.25,48659
2024-06-25 14:02:00-04:00,210.2449951171875,210.27999877929688,210.2449951171875,210.2550048828125,210.2550048828125,33192
2024-06-25 14:03:00-04:00,210.25999450683594,210.25999450683594,210.1699981689453,210.2050018310547,210.2050018310547,52474
2024-06-25 14:04:00-04:00,210.1999969482422,210.1999969482422,210.08999633789062,210.11500549316406,210.11500549316406,62726
2024-06-25 14:05:00-04:00,210.1199951171875,210.1300048828125,210.0749969482422,210.1199951171875,210.1199951171875,65689
2024-06-25 14:06:00-04:00,210.1199951171875,210.12550354003906,210.0399932861328,210.08999633789062,210.08999633789062,55412
2024-06-25 14:07:00-04:00,210.08999633789062,210.16000366210938,210.08999633789062,210.16000366210938,210.16000366210938,66260
2024-06-25 14:08:00-04:00,210.14990234375,210.22999572753906,210.14500427246094,210.22999572753906,210.22999572753906,57207
2024-06-25 14:09:00-04:00,210.2200927734375,210.22999572753906,210.15499877929688,210.22169494628906,210.22169494628906,52033
2024-06-25 14:10:00-04:00,210.22500610351562,210.42449951171875,210.22000122070312,210.3000030517578,210.3000030517578,88245
2024-06-25 14:11:00-04:00,210.30499267578125,210.3300018310547,210.27000427246094,210.3282928466797,210.3282928466797,50443
2024-06-25 14:12:00-04:00,210.32400512695312,210.35000610351562,210.23500061035156,210.25,210.25,51502
2024-06-25 14:13:00-04:00,210.22999572753906,210.22999572753906,210.14999389648438,210.17010498046875,210.17010498046875,40926
2024-06-25 14:14:00-04:00,210.1699981689453,210.18499755859375,210.08999633789062,210.13499450683594,210.13499450683594,50942
2024-06-25 14:15:00-04:00,210.13499450683594,210.25,210.13499450683594,210.22999572753906,210.22999572753906,56536
2024-06-25 14:16:00-04:00,210.24000549316406,210.27999877929688,210.22999572753906,210.27999877929688,210.27999877929688,52194
2024-06-25 14:17:00-04:00,210.2700958251953,210.27999877929688,210.23500061035156,210.27000427246094,210.27000427246094,32195
2024-06-25 14:18:00-04:00,210.27980041503906,210.32000732421875,210.25999450683594,210.28500366210938,210.28500366210938,53648
2024-06-25 14:19:00-04:00,210.27999877929688,210.2899932861328,210.25,210.2899932861328,210.2899932861328,30043
2024-06-25 14:20:00-04:00,210.2899932861328,210.32000732421875,210.2550048828125,210.3000030517578,210.3000030517578,54947
2024-06-25 14:21:00-04:00,210.30999755859375,210.30999755859375,210.24000549316406,210.27099609375,210.27099609375,36602
2024-06-25 14:22:00-04:00,210.27999877929688,210.30999755859375,210.2550048828125,210.27499389648438,210.27499389648438,35028
2024-06-25 14:23:00-04:00,210.27000427246094,210.34500122070312,210.27000427246094,210.29859924316406,210.29859924316406,69443
2024-06-25 14:24:00-04:00,210.3000030517578,210.42999267578125,210.3000030517578,210.39779663085938,210.39779663085938,87288
2024-06-25 14:25:00-04:00,210.38490295410156,210.42999267578125,210.3800048828125,210.4156951904297,210.4156951904297,37044
2024-06-25 14:26:00-04:00,210.41270446777344,210.4600067138672,210.39999389648438,210.44000244140625,210.44000244140625,65585
2024-06-25 14:27:00-04:00,210.44500732421875,210.45779418945312,210.4199981689453,210.4499969482422,210.4499969482422,35659
2024-06-25 14:28:00-04:00,210.4499969482422,210.5500030517578,210.4499969482422,210.54820251464844,210.54820251464844,101192
2024-06-25 14:29:00-04:00,210.54249572753906,210.67010498046875,210.53689575195312,210.66000366210938,210.66000366210938,83380
2024-06-25 14:30:00-04:00,210.65890502929688,210.66900634765625,210.5800018310547,210.60499572753906,210.60499572753906,113952
2024-06-25 14:31:00-04:00,210.60499572753906,210.61000061035156,210.4199981689453,210.4571075439453,210.4571075439453,79516
2024-06-25 14:32:00-04:00,210.4499969482422,210.4698028564453,210.36000061035156,210.38999938964844,210.38999938964844,67242
2024-06-25 14:33:00-04:00,210.38760375976562,210.38999938964844,210.36000061035156,210.389892578125,210.389892578125,38422
2024-06-25 14:34:00-04:00,210.38499450683594,210.4499969482422,210.33999633789062,210.35499572753906,210.35499572753906,61976
2024-06-25 14:35:00-04:00,210.36000061035156,210.39999389648438,210.2899932861328,210.3000030517578,210.3000030517578,48571
2024-06-25 14:36:00-04:00,210.3000030517578,210.3000030517578,210.22999572753906,210.25999450683594,210.25999450683594,48500
2024-06-25 14:37:00-04:00,210.26499938964844,210.30999755859375,210.26010131835938,210.3000946044922,210.3000946044922,45994
2024-06-25 14:38:00-04:00,210.30419921875,210.41050720214844,210.26499938964844,210.41050720214844,210.41050720214844,58546
2024-06-25 14:39:00-04:00,210.4188995361328,210.49000549316406,210.38999938964844,210.4149932861328,210.4149932861328,50399
2024-06-25 14:40:00-04:00,210.4149932861328,210.4149932861328,210.3800048828125,210.39500427246094,210.39500427246094,43303
2024-06-25 14:41:00-04:00,210.39999389648438,210.4199981689453,210.38999938964844,210.406005859375,210.406005859375,23717
2024-06-25 14:42:00-04:00,210.39999389648438,210.47000122070312,210.3699951171875,210.4499969482422,210.4499969482422,47317
2024-06-25 14:43:00-04:00,210.4499969482422,210.47659301757812,210.42999267578125,210.47659301757812,210.47659301757812,22329
2024-06-25 14:44:00-04:00,210.47999572753906,210.4949951171875,210.4600067138672,210.47000122070312,210.47000122070312,33766
2024-06-25 14:45:00-04:00,210.46009826660156,210.5,210.4199981689453,210.47799682617188,210.47799682617188,94573
2024-06-25 14:46:00-04:00,210.47999572753906,210.49000549316406,210.4405059814453,210.4550018310547,210.4550018310547,37948
2024-06-25 14:47:00-04:00,210.4600067138672,210.46499633789062,210.30499267578125,210.31809997558594,210.31809997558594,68109
2024-06-25 14:48:00-04:00,210.30999755859375,210.31199645996094,209.92999267578125,209.9320068359375,209.9320068359375,157070
2024-06-25 14:49:00-04:00,209.9199981689453,210.03199768066406,209.88999938964844,210.02000427246094,210.02000427246094,50720
2024-06-25 14:50:00-04:00,210.02999877929688,210.1699981689453,210.02000427246094,210.15499877929688,210.15499877929688,53928
2024-06-25 14:51:00-04:00,210.14999389648438,210.22999572753906,210.13999938964844,210.1999969482422,210.1999969482422,58307
2024-06-25 14:52:00-04:00,210.2100067138672,210.2899932861328,210.19500732421875,210.27000427246094,210.27000427246094,38222
2024-06-25 14:53:00-04:00,210.27999877929688,210.28500366210938,210.2100067138672,210.27000427246094,210.27000427246094,49813
2024-06-25 14:54:00-04:00,210.25999450683594,210.27999877929688,210.22000122070312,210.247802734375,210.247802734375,142731
2024-06-25 14:55:00-04:00,210.2449951171875,210.32000732421875,210.2050018310547,210.2050018310547,210.2050018310547,106708
2024-06-25 14:56:00-04:00,210.1999969482422,210.52999877929688,210.1999969482422,210.52999877929688,210.52999877929688,68941
2024-06-25 14:57:00-04:00,210.52999877929688,210.5500030517578,210.47999572753906,210.51600646972656,210.51600646972656,64168
2024-06-25 14:58:00-04:00,210.51100158691406,210.55999755859375,210.4600067138672,210.47369384765625,210.47369384765625,98294
2024-06-25 14:59:00-04:00,210.47000122070312,210.50999450683594,210.42999267578125,210.4600067138672,210.4600067138672,48930
2024-06-25 15:00:00-04:00,210.4499969482422,210.4499969482422,210.25,210.25999450683594,210.25999450683594,67543
2024-06-25 15:01:00-04:00,210.26600646972656,210.32000732421875,210.25399780273438,210.27499389648438,210.27499389648438,44370
2024-06-25 15:02:00-04:00,210.2720947265625,210.3000030517578,210.25999450683594,210.29849243164062,210.29849243164062,42774
2024-06-25 15:03:00-04:00,210.298095703125,210.3000030517578,210.25999450683594,210.26499938964844,210.26499938964844,32138
2024-06-25 15:04:00-04:00,210.27000427246094,210.3000030517578,210.25,210.27000427246094,210.27000427246094,40128
2024-06-25 15:05:00-04:00,210.26499938964844,210.27000427246094,210.1999969482422,210.2198944091797,210.2198944091797,53995
2024-06-25 15:06:00-04:00,210.22000122070312,210.25999450683594,210.17999267578125,210.2550048828125,210.2550048828125,61319
2024-06-25 15:07:00-04:00,210.25999450683594,210.30999755859375,210.1750030517578,210.1999969482422,210.1999969482422,80382
2024-06-25 15:08:00-04:00,210.2050018310547,210.2790069580078,210.16000366210938,210.22000122070312,210.22000122070312,52127
2024-06-25 15:09:00-04:00,210.22000122070312,210.23500061035156,210.19000244140625,210.2100067138672,210.2100067138672,44750
2024-06-25 15:10:00-04:00,210.1999969482422,210.22999572753906,210.1999053955078,210.1999053955078,210.1999053955078,41031
2024-06-25 15:11:00-04:00,210.1999969482422,210.25,210.1649932861328,210.23959350585938,210.23959350585938,42988
2024-06-25 15:12:00-04:00,210.23500061035156,210.24600219726562,210.1999969482422,210.24000549316406,210.24000549316406,36286
2024-06-25 15:13:00-04:00,210.2449951171875,210.3000030517578,210.21499633789062,210.29539489746094,210.29539489746094,45598
2024-06-25 15:14:00-04:00,210.2899932861328,210.2899932861328,210.1699981689453,210.18499755859375,210.18499755859375,42346
2024-06-25 15:15:00-04:00,210.1875,210.19400024414062,210.10369873046875,210.11000061035156,210.11000061035156,40770
2024-06-25 15:16:00-04:00,210.10989379882812,210.17449951171875,210.06399536132812,210.16000366210938,210.16000366210938,47623
2024-06-25 15:17:00-04:00,210.15719604492188,210.1999969482422,210.1199951171875,210.19000244140625,210.19000244140625,41037
2024-06-25 15:18:00-04:00,210.19000244140625,210.2949981689453,210.19000244140625,210.22999572753906,210.22999572753906,71405
2024-06-25 15:19:00-04:00,210.22000122070312,210.22000122070312,210.10000610351562,210.14500427246094,210.14500427246094,63430
2024-06-25 15:20:00-04:00,210.14999389648438,210.2100067138672,210.14999389648438,210.1999969482422,210.1999969482422,45394
2024-06-25 15:21:00-04:00,210.2100067138672,210.26499938964844,210.17010498046875,210.2530975341797,210.2530975341797,50248
2024-06-25 15:22:00-04:00,210.25999450683594,210.30499267578125,210.25999450683594,210.27499389648438,210.27499389648438,52275
2024-06-25 15:23:00-04:00,210.27000427246094,210.27000427246094,210.2050018310547,210.22500610351562,210.22500610351562,41534
2024-06-25 15:24:00-04:00,210.2299041748047,210.34500122070312,210.22000122070312,210.3300018310547,210.3300018310547,214772
2024-06-25 15:25:00-04:00,210.32000732421875,210.3249969482422,210.1300048828125,210.14999389648438,210.14999389648438,58292
2024-06-25 15:26:00-04:00,210.13999938964844,210.13999938964844,210.0399932861328,210.07769775390625,210.07769775390625,72504
2024-06-25 15:27:00-04:00,210.07850646972656,210.07850646972656,209.9600067138672,210.0299072265625,210.0299072265625,53605
2024-06-25 15:28:00-04:00,210.02499389648438,210.22000122070312,210.00999450683594,210.16619873046875,210.16619873046875,75744
2024-06-25 15:29:00-04:00,210.1602020263672,210.18850708007812,210.0800018310547,210.14010620117188,210.14010620117188,77596
2024-06-25 15:30:00-04:00,210.13999938964844,210.13999938964844,209.9199981689453,209.93499755859375,209.93499755859375,100073
2024-06-25 15:31:00-04:00,209.9376983642578,209.95399475097656,209.8300018310547,209.91329956054688,209.91329956054688,90411
2024-06-25 15:32:00-04:00,209.9149932861328,209.92999267578125,209.8350067138672,209.8813934326172,209.8813934326172,59926
2024-06-25 15:33:00-04:00,209.88499450683594,209.9499969482422,209.8800048828125,209.88760375976562,209.88760375976562,84216
2024-06-25 15:34:00-04:00,209.88819885253906,209.9199981689453,209.8800048828125,209.90699768066406,209.90699768066406,43502
2024-06-25 15:35:00-04:00,209.90499877929688,209.98599243164062,209.87579345703125,209.97999572753906,209.97999572753906,88846
2024-06-25 15:36:00-04:00,209.9705047607422,209.99000549316406,209.84500122070312,209.87969970703125,209.87969970703125,66416
2024-06-25 15:37:00-04:00,209.8699951171875,209.89999389648438,209.80999755859375,209.8101043701172,209.8101043701172,55310
2024-06-25 15:38:00-04:00,209.8159942626953,209.8699951171875,209.7899932861328,209.80130004882812,209.80130004882812,71981
2024-06-25 15:39:00-04:00,209.80499267578125,209.86000061035156,209.8000030517578,209.82000732421875,209.82000732421875,51166
2024-06-25 15:40:00-04:00,209.80999755859375,209.91000366210938,209.75010681152344,209.8800048828125,209.8800048828125,86513
2024-06-25 15:41:00-04:00,209.88499450683594,209.89999389648438,209.86000061035156,209.89500427246094,209.89500427246094,90087
2024-06-25 15:42:00-04:00,209.89500427246094,209.99000549316406,209.89500427246094,209.97500610351562,209.97500610351562,71350
2024-06-25 15:43:00-04:00,209.97279357910156,210.00999450683594,209.89999389648438,209.9550018310547,209.9550018310547,153937
2024-06-25 15:44:00-04:00,209.9550018310547,209.9550018310547,209.89999389648438,209.89999389648438,209.89999389648438,59979
2024-06-25 15:45:00-04:00,209.90499877929688,209.9600067138672,209.8621063232422,209.91990661621094,209.91990661621094,93106
2024-06-25 15:46:00-04:00,209.91990661621094,210.0500030517578,209.88999938964844,209.90989685058594,209.90989685058594,123099
2024-06-25 15:47:00-04:00,209.90499877929688,209.97999572753906,209.8699951171875,209.9550018310547,209.9550018310547,135425
2024-06-25 15:48:00-04:00,209.9600067138672,209.97999572753906,209.80999755859375,209.81500244140625,209.81500244140625,107047
2024-06-25 15:49:00-04:00,209.80999755859375,209.8249969482422,209.52999877929688,209.53399658203125,209.53399658203125,108241
2024-06-25 15:50:00-04:00,209.52999877929688,209.79989624023438,209.47999572753906,209.60499572753906,209.60499572753906,220129
2024-06-25 15:51:00-04:00,209.60499572753906,209.7698974609375,209.55999755859375,209.61399841308594,209.61399841308594,161017
2024-06-25 15:52:00-04:00,209.61000061035156,209.7100067138672,209.22999572753906,209.33009338378906,209.33009338378906,308460
2024-06-25 15:53:00-04:00,209.3300018310547,209.33999633789062,209.14999389648438,209.18499755859375,209.18499755859375,188973
2024-06-25 15:54:00-04:00,209.18499755859375,209.2698974609375,209.0399932861328,209.0749969482422,209.0749969482422,251852
2024-06-25 15:55:00-04:00,209.0800018310547,209.10000610351562,208.88999938964844,208.94000244140625,208.94000244140625,439984
2024-06-25 15:56:00-04:00,208.94000244140625,208.99000549316406,208.82000732421875,208.92730712890625,208.92730712890625,814261
2024-06-25 15:57:00-04:00,208.92999267578125,209.11000061035156,208.82000732421875,209.11000061035156,209.11000061035156,332606
2024-06-25 15:58:00-04:00,209.11500549316406,209.3000030517578,209.0800018310547,209.27000427246094,209.27000427246094,409201
2024-06-25 15:59:00-04:00,209.2899932861328,209.3699951171875,209.07000732421875,209.0760040283203,209.0760040283203,1035207
