2024-06-14 09:15:00+05:30,2932.0,2933.199951171875,2929.89990234375,2931.800048828125,2931.800048828125,0
2024-06-14 09:16:00+05:30,2931.35009765625,2932.25,2930.10009765625,2930.64990234375,2930.64990234375,16969
2024-06-14 09:17:00+05:30,2929.0,2929.949951171875,2924.0,2925.0,2925.0,51508
2024-06-14 09:18:00+05:30,2924.949951171875,2928.050048828125,2924.949951171875,2925.14990234375,2925.14990234375,11711
2024-06-14 09:19:00+05:30,2925.14990234375,2926.64990234375,2924.199951171875,2925.10009765625,2925.10009765625,15863
2024-06-14 09:20:00+05:30,2924.39990234375,2926.14990234375,2924.199951171875,2925.89990234375,2925.89990234375,12242
2024-06-14 09:21:00+05:30,2925.800048828125,2925.89990234375,2920.14990234375,2921.0,2921.0,38211
2024-06-14 09:22:00+05:30,2920.85009765625,2920.85009765625,2916.10009765625,2916.60009765625,2916.60009765625,40140
2024-06-14 09:23:00+05:30,2916.14990234375,2919.60009765625,2915.35009765625,2917.949951171875,2917.949951171875,22828
2024-06-14 09:24:00+05:30,2917.0,2918.0,2916.050048828125,2917.199951171875,2917.199951171875,15449
2024-06-14 09:25:00+05:30,2916.5,2917.949951171875,2914.89990234375,2914.89990234375,2914.89990234375,22443
2024-06-14 09:26:00+05:30,2914.449951171875,2918.699951171875,2914.449951171875,2916.10009765625,2916.10009765625,13545
2024-06-14 09:27:00+05:30,2916.0,2920.0,2916.0,2916.5,2916.5,19571
2024-06-14 09:28:00+05:30,2916.5,2918.800048828125,2915.60009765625,2916.800048828125,2916.800048828125,14190
2024-06-14 09:29:00+05:30,2916.699951171875,2919.85009765625,2916.699951171875,2918.5,2918.5,12475
2024-06-14 09:30:00+05:30,2918.5,2920.0,2918.0,2919.550048828125,2919.550048828125,17089
2024-06-14 09:31:00+05:30,2919.550048828125,2921.0,2919.10009765625,2920.550048828125,2920.550048828125,13852
2024-06-14 09:32:00+05:30,2920.64990234375,2921.14990234375,2919.0,2919.050048828125,2919.050048828125,13411
2024-06-14 09:33:00+05:30,2919.14990234375,2920.0,2917.89990234375,2919.39990234375,2919.39990234375,10388
2024-06-14 09:34:00+05:30,2919.39990234375,2921.75,2918.85009765625,2921.14990234375,2921.14990234375,6422
2024-06-14 09:35:00+05:30,2920.75,2921.75,2920.300048828125,2921.64990234375,2921.64990234375,4713
2024-06-14 09:36:00+05:30,2921.300048828125,2924.25,2921.25,2924.199951171875,2924.199951171875,13467
2024-06-14 09:37:00+05:30,2923.5,2924.75,2922.0,2922.0,2922.0,9905
2024-06-14 09:38:00+05:30,2922.0,2923.75,2921.949951171875,2922.300048828125,2922.300048828125,4874
2024-06-14 09:39:00+05:30,2922.10009765625,2923.0,2920.5,2922.050048828125,2922.050048828125,8120
2024-06-14 09:40:00+05:30,2922.050048828125,2922.89990234375,2920.39990234375,2920.39990234375,2920.39990234375,8260
2024-06-14 09:41:00+05:30,2920.5,2922.0,2920.199951171875,2922.0,2922.0,4050
2024-06-14 09:42:00+05:30,2922.0,2922.949951171875,2921.0,2922.0,2922.0,3257
2024-06-14 09:43:00+05:30,2922.0,2922.949951171875,2921.0,2921.550048828125,2921.550048828125,8635
2024-06-14 09:44:00+05:30,2921.550048828125,2921.699951171875,2918.10009765625,2918.10009765625,2918.10009765625,11701
2024-06-14 09:45:00+05:30,2918.699951171875,2919.14990234375,2917.89990234375,2919.14990234375,2919.14990234375,11368
2024-06-14 09:46:00+05:30,2919.050048828125,2921.0,2919.0,2920.0,2920.0,5133
2024-06-14 09:47:00+05:30,2920.0,2923.35009765625,2919.550048828125,2923.14990234375,2923.14990234375,10351
2024-06-14 09:48:00+05:30,2923.60009765625,2924.0,2921.800048828125,2923.10009765625,2923.10009765625,14060
2024-06-14 09:49:00+05:30,2923.050048828125,2924.25,2922.699951171875,2924.0,2924.0,7146
2024-06-14 09:50:00+05:30,2924.199951171875,2924.25,2923.449951171875,2924.0,2924.0,4396
2024-06-14 09:51:00+05:30,2923.949951171875,2924.25,2923.0,2924.199951171875,2924.199951171875,5366
2024-06-14 09:52:00+05:30,2924.5,2924.5,2923.10009765625,2923.64990234375,2923.64990234375,3220
2024-06-14 09:53:00+05:30,2923.800048828125,2923.89990234375,2923.0,2923.35009765625,2923.35009765625,3114
2024-06-14 09:54:00+05:30,2923.5,2923.60009765625,2923.35009765625,2923.5,2923.5,2662
2024-06-14 09:55:00+05:30,2923.10009765625,2924.5,2923.050048828125,2923.89990234375,2923.89990234375,5020
2024-06-14 09:56:00+05:30,2923.89990234375,2924.5,2923.75,2924.5,2924.5,4136
2024-06-14 09:57:00+05:30,2924.5,2927.89990234375,2924.35009765625,2927.89990234375,2927.89990234375,15698
2024-06-14 09:58:00+05:30,2927.89990234375,2927.89990234375,2927.0,2927.5,2927.5,4433
2024-06-14 09:59:00+05:30,2927.5,2929.39990234375,2927.0,2929.0,2929.0,11590
2024-06-14 10:00:00+05:30,2928.85009765625,2930.0,2928.14990234375,2929.75,2929.75,11223
2024-06-14 10:01:00+05:30,2929.550048828125,2931.0,2929.0,2931.0,2931.0,8281
2024-06-14 10:02:00+05:30,2931.0,2931.5,2930.0,2931.0,2931.0,9067
2024-06-14 10:03:00+05:30,2931.0,2931.050048828125,2929.050048828125,2930.949951171875,2930.949951171875,8064
2024-06-14 10:04:00+05:30,2930.949951171875,2932.60009765625,2930.050048828125,2932.550048828125,2932.550048828125,5785
2024-06-14 10:05:00+05:30,2932.60009765625,2933.0,2930.199951171875,2930.35009765625,2930.35009765625,9219
2024-06-14 10:06:00+05:30,2930.35009765625,2932.800048828125,2930.0,2932.800048828125,2932.800048828125,3954
2024-06-14 10:07:00+05:30,2932.800048828125,2936.0,2932.0,2935.300048828125,2935.300048828125,17947
2024-06-14 10:08:00+05:30,2934.89990234375,2935.699951171875,2934.0,2934.0,2934.0,7958
2024-06-14 10:09:00+05:30,2934.14990234375,2935.0,2934.0,2934.949951171875,2934.949951171875,6497
2024-06-14 10:10:00+05:30,2935.0,2935.050048828125,2933.050048828125,2934.14990234375,2934.14990234375,11290
2024-06-14 10:11:00+05:30,2934.10009765625,2934.300048828125,2931.89990234375,2932.0,2932.0,4526
2024-06-14 10:12:00+05:30,2932.050048828125,2933.89990234375,2931.949951171875,2933.0,2933.0,4410
2024-06-14 10:13:00+05:30,2933.0,2934.25,2932.449951171875,2934.050048828125,2934.050048828125,3497
2024-06-14 10:14:00+05:30,2933.25,2934.300048828125,2933.0,2933.25,2933.25,3448
2024-06-14 10:15:00+05:30,2933.25,2933.89990234375,2931.0,2932.0,2932.0,8002
2024-06-14 10:16:00+05:30,2931.699951171875,2932.25,2930.300048828125,2930.75,2930.75,4140
2024-06-14 10:17:00+05:30,2930.60009765625,2932.39990234375,2930.550048828125,2931.5,2931.5,3239
2024-06-14 10:18:00+05:30,2931.14990234375,2933.699951171875,2931.14990234375,2932.60009765625,2932.60009765625,3634
2024-06-14 10:19:00+05:30,2932.89990234375,2933.5,2931.89990234375,2933.35009765625,2933.35009765625,4095
2024-06-14 10:20:00+05:30,2933.39990234375,2933.89990234375,2932.050048828125,2932.800048828125,2932.800048828125,4833
2024-06-14 10:21:00+05:30,2932.5,2933.35009765625,2932.050048828125,2932.199951171875,2932.199951171875,2516
2024-06-14 10:22:00+05:30,2932.35009765625,2932.5,2931.35009765625,2931.35009765625,2931.35009765625,4616
2024-06-14 10:23:00+05:30,2931.35009765625,2933.14990234375,2931.0,2932.949951171875,2932.949951171875,8537
2024-06-14 10:24:00+05:30,2932.949951171875,2933.5,2932.300048828125,2933.0,2933.0,3265
2024-06-14 10:25:00+05:30,2933.0,2933.5,2932.85009765625,2933.39990234375,2933.39990234375,4170
2024-06-14 10:26:00+05:30,2933.449951171875,2934.0,2933.199951171875,2933.75,2933.75,4648
2024-06-14 10:27:00+05:30,2933.89990234375,2933.89990234375,2933.0,2933.64990234375,2933.64990234375,4623
2024-06-14 10:28:00+05:30,2933.60009765625,2933.60009765625,2931.89990234375,2931.89990234375,2931.89990234375,5760
2024-06-14 10:29:00+05:30,2931.949951171875,2933.199951171875,2931.699951171875,2933.14990234375,2933.14990234375,31821
2024-06-14 10:30:00+05:30,2933.35009765625,2936.0,2933.35009765625,2935.89990234375,2935.89990234375,31302
2024-06-14 10:31:00+05:30,2936.0,2936.550048828125,2936.0,2936.10009765625,2936.10009765625,14249
2024-06-14 10:32:00+05:30,2936.449951171875,2936.85009765625,2936.0,2936.64990234375,2936.64990234375,7512
2024-06-14 10:33:00+05:30,2937.050048828125,2938.39990234375,2937.0,2937.199951171875,2937.199951171875,12780
2024-06-14 10:34:00+05:30,2937.199951171875,2938.35009765625,2937.0,2937.050048828125,2937.050048828125,5263
2024-06-14 10:35:00+05:30,2939.0,2939.699951171875,2937.14990234375,2937.449951171875,2937.449951171875,40611
2024-06-14 10:36:00+05:30,2937.25,2937.85009765625,2935.5,2936.64990234375,2936.64990234375,14409
2024-06-14 10:37:00+05:30,2936.64990234375,2938.35009765625,2936.64990234375,2938.199951171875,2938.199951171875,22548
2024-06-14 10:38:00+05:30,2938.199951171875,2940.800048828125,2934.050048828125,2940.10009765625,2940.10009765625,112024
2024-06-14 10:39:00+05:30,2940.0,2941.14990234375,2940.0,2940.5,2940.5,16413
2024-06-14 10:40:00+05:30,2941.14990234375,2947.0,2941.0,2947.0,2947.0,38606
2024-06-14 10:41:00+05:30,2946.60009765625,2947.39990234375,2944.25,2945.10009765625,2945.10009765625,12673
2024-06-14 10:42:00+05:30,2944.5,2945.0,2942.64990234375,2944.0,2944.0,6319
2024-06-14 10:43:00+05:30,2943.5,2944.449951171875,2941.89990234375,2941.949951171875,2941.949951171875,10585
2024-06-14 10:44:00+05:30,2941.949951171875,2943.800048828125,2941.949951171875,2943.199951171875,2943.199951171875,3840
2024-06-14 10:45:00+05:30,2943.199951171875,2943.5,2941.14990234375,2942.449951171875,2942.449951171875,9453
2024-06-14 10:46:00+05:30,2942.449951171875,2943.85009765625,2942.39990234375,2943.0,2943.0,4502
2024-06-14 10:47:00+05:30,2943.050048828125,2943.25,2942.5,2942.699951171875,2942.699951171875,4907
2024-06-14 10:48:00+05:30,2942.699951171875,2943.0,2941.300048828125,2942.89990234375,2942.89990234375,5272
2024-06-14 10:49:00+05:30,2943.0,2943.0,2942.0,2942.5,2942.5,5656
2024-06-14 10:50:00+05:30,2942.64990234375,2942.800048828125,2941.25,2942.35009765625,2942.35009765625,6717
2024-06-14 10:51:00+05:30,2942.35009765625,2943.0,2942.0,2942.5,2942.5,5029
2024-06-14 10:52:00+05:30,2942.35009765625,2942.35009765625,2940.449951171875,2941.199951171875,2941.199951171875,10122
2024-06-14 10:53:00+05:30,2940.60009765625,2941.199951171875,2939.199951171875,2941.0,2941.0,7275
2024-06-14 10:54:00+05:30,2940.85009765625,2941.75,2940.85009765625,2941.050048828125,2941.050048828125,4255
2024-06-14 10:55:00+05:30,2941.050048828125,2943.0,2941.050048828125,2942.64990234375,2942.64990234375,7271
2024-06-14 10:56:00+05:30,2942.35009765625,2943.0,2942.300048828125,2942.89990234375,2942.89990234375,5393
2024-06-14 10:57:00+05:30,2942.550048828125,2943.0,2942.35009765625,2942.550048828125,2942.550048828125,6493
2024-06-14 10:58:00+05:30,2942.550048828125,2942.89990234375,2941.050048828125,2941.699951171875,2941.699951171875,3919
2024-06-14 10:59:00+05:30,2941.10009765625,2942.0,2941.0,2941.050048828125,2941.050048828125,5155
2024-06-14 11:00:00+05:30,2941.0,2941.550048828125,2939.050048828125,2939.85009765625,2939.85009765625,6902
2024-06-14 11:01:00+05:30,2939.75,2941.0,2938.300048828125,2941.0,2941.0,12250
2024-06-14 11:02:00+05:30,2941.0,2941.5,2940.39990234375,2940.64990234375,2940.64990234375,6106
2024-06-14 11:03:00+05:30,2940.64990234375,2941.60009765625,2940.0,2941.25,2941.25,4464
2024-06-14 11:04:00+05:30,2940.949951171875,2941.0,2940.550048828125,2940.64990234375,2940.64990234375,5053
2024-06-14 11:05:00+05:30,2941.0,2942.699951171875,2940.89990234375,2942.199951171875,2942.199951171875,6232
2024-06-14 11:06:00+05:30,2942.14990234375,2942.199951171875,2941.5,2942.199951171875,2942.199951171875,7109
2024-06-14 11:07:00+05:30,2942.199951171875,2942.949951171875,2941.300048828125,2942.300048828125,2942.300048828125,2969
2024-06-14 11:08:00+05:30,2942.85009765625,2943.0,2942.0,2942.35009765625,2942.35009765625,3878
2024-06-14 11:09:00+05:30,2942.89990234375,2943.5,2942.35009765625,2943.449951171875,2943.449951171875,3781
2024-06-14 11:10:00+05:30,2943.5,2945.0,2943.39990234375,2945.0,2945.0,13784
2024-06-14 11:11:00+05:30,2944.64990234375,2945.0,2944.10009765625,2944.39990234375,2944.39990234375,4311
2024-06-14 11:12:00+05:30,2944.5,2945.35009765625,2944.5,2945.35009765625,2945.35009765625,4337
2024-06-14 11:13:00+05:30,2945.300048828125,2946.60009765625,2945.0,2945.300048828125,2945.300048828125,7934
2024-06-14 11:14:00+05:30,2945.300048828125,2946.199951171875,2945.0,2945.550048828125,2945.550048828125,3058
2024-06-14 11:15:00+05:30,2945.89990234375,2945.949951171875,2944.5,2945.699951171875,2945.699951171875,3202
2024-06-14 11:16:00+05:30,2945.10009765625,2945.699951171875,2939.39990234375,2940.0,2940.0,35123
2024-06-14 11:17:00+05:30,2940.0,2940.0,2937.050048828125,2938.0,2938.0,19002
2024-06-14 11:18:00+05:30,2938.0,2940.60009765625,2937.89990234375,2940.0,2940.0,13624
2024-06-14 11:19:00+05:30,2939.39990234375,2941.0,2939.39990234375,2941.0,2941.0,2554
2024-06-14 11:20:00+05:30,2941.0,2941.0,2939.050048828125,2940.0,2940.0,5511
2024-06-14 11:21:00+05:30,2940.0,2940.0,2939.0,2939.550048828125,2939.550048828125,2914
2024-06-14 11:22:00+05:30,2939.949951171875,2940.0,2938.5,2939.89990234375,2939.89990234375,4678
2024-06-14 11:23:00+05:30,2939.14990234375,2940.0,2939.050048828125,2940.0,2940.0,2390
2024-06-14 11:24:00+05:30,2939.800048828125,2940.35009765625,2939.14990234375,2939.14990234375,2939.14990234375,3703
2024-06-14 11:25:00+05:30,2939.14990234375,2940.35009765625,2938.800048828125,2939.64990234375,2939.64990234375,1894
2024-06-14 11:26:00+05:30,2939.64990234375,2940.0,2938.699951171875,2939.85009765625,2939.85009765625,1838
2024-06-14 11:27:00+05:30,2939.949951171875,2940.35009765625,2939.699951171875,2940.199951171875,2940.199951171875,3089
2024-06-14 11:28:00+05:30,2940.0,2940.35009765625,2938.60009765625,2939.35009765625,2939.35009765625,7550
2024-06-14 11:29:00+05:30,2938.5,2939.449951171875,2935.64990234375,2936.199951171875,2936.199951171875,6972
2024-06-14 11:30:00+05:30,2936.0,2936.449951171875,2935.0,2936.449951171875,2936.449951171875,8439
2024-06-14 11:31:00+05:30,2935.85009765625,2938.0,2935.85009765625,2937.10009765625,2937.10009765625,5172
2024-06-14 11:32:00+05:30,2937.0,2938.0,2936.85009765625,2938.0,2938.0,2664
2024-06-14 11:33:00+05:30,2937.60009765625,2938.800048828125,2936.050048828125,2936.85009765625,2936.85009765625,7002
2024-06-14 11:34:00+05:30,2936.199951171875,2940.0,2936.199951171875,2939.64990234375,2939.64990234375,17012
2024-06-14 11:35:00+05:30,2939.0,2939.949951171875,2938.25,2939.0,2939.0,6633
2024-06-14 11:36:00+05:30,2939.0,2939.199951171875,2938.5,2939.10009765625,2939.10009765625,1472
2024-06-14 11:37:00+05:30,2939.10009765625,2939.89990234375,2938.5,2938.5,2938.5,4253
2024-06-14 11:38:00+05:30,2938.5,2938.550048828125,2937.60009765625,2937.75,2937.75,2771
2024-06-14 11:39:00+05:30,2937.449951171875,2937.800048828125,2936.699951171875,2937.050048828125,2937.050048828125,2762
2024-06-14 11:40:00+05:30,2936.800048828125,2938.949951171875,2936.699951171875,2937.949951171875,2937.949951171875,3226
2024-06-14 11:41:00+05:30,2937.199951171875,2938.75,2937.0,2938.699951171875,2938.699951171875,5200
2024-06-14 11:42:00+05:30,2937.699951171875,2938.0,2936.39990234375,2936.89990234375,2936.89990234375,3750
2024-06-14 11:43:00+05:30,2936.89990234375,2938.300048828125,2936.25,2938.10009765625,2938.10009765625,3201
2024-06-14 11:44:00+05:30,2937.14990234375,2939.300048828125,2937.0,2938.699951171875,2938.699951171875,4733
2024-06-14 11:45:00+05:30,2938.5,2939.60009765625,2937.89990234375,2938.5,2938.5,3658
2024-06-14 11:46:00+05:30,2939.300048828125,2939.60009765625,2938.449951171875,2939.0,2939.0,1925
2024-06-14 11:47:00+05:30,2938.800048828125,2939.85009765625,2938.449951171875,2938.75,2938.75,4243
2024-06-14 11:48:00+05:30,2939.39990234375,2939.39990234375,2938.10009765625,2938.10009765625,2938.10009765625,4909
2024-06-14 11:49:00+05:30,2938.10009765625,2938.550048828125,2937.0,2937.35009765625,2937.35009765625,4083
2024-06-14 11:50:00+05:30,2937.050048828125,2938.800048828125,2937.050048828125,2938.35009765625,2938.35009765625,2367
2024-06-14 11:51:00+05:30,2938.35009765625,2939.0,2938.35009765625,2938.64990234375,2938.64990234375,2402
2024-06-14 11:52:00+05:30,2938.75,2940.0,2938.550048828125,2940.0,2940.0,6020
2024-06-14 11:53:00+05:30,2940.0,2942.0,2939.449951171875,2941.800048828125,2941.800048828125,6759
2024-06-14 11:54:00+05:30,2941.89990234375,2942.0,2941.800048828125,2942.0,2942.0,2761
2024-06-14 11:55:00+05:30,2942.0,2942.0,2941.89990234375,2942.0,2942.0,2086
2024-06-14 11:56:00+05:30,2942.0,2943.0,2941.949951171875,2943.0,2943.0,1897
2024-06-14 11:57:00+05:30,2943.0,2943.0,2941.60009765625,2942.35009765625,2942.35009765625,14658
2024-06-14 11:58:00+05:30,2942.449951171875,2943.0,2942.300048828125,2942.35009765625,2942.35009765625,1334
2024-06-14 11:59:00+05:30,2942.449951171875,2943.0,2942.449951171875,2943.0,2943.0,2654
2024-06-14 12:00:00+05:30,2943.0,2943.5,2942.89990234375,2943.0,2943.0,2836
2024-06-14 12:01:00+05:30,2943.0,2944.0,2942.949951171875,2943.449951171875,2943.449951171875,4636
2024-06-14 12:02:00+05:30,2943.449951171875,2943.949951171875,2943.0,2943.10009765625,2943.10009765625,2120
2024-06-14 12:03:00+05:30,2943.10009765625,2943.550048828125,2940.60009765625,2940.949951171875,2940.949951171875,3316
2024-06-14 12:04:00+05:30,2941.199951171875,2942.550048828125,2940.85009765625,2941.300048828125,2941.300048828125,4249
2024-06-14 12:05:00+05:30,2941.25,2942.5,2941.0,2941.89990234375,2941.89990234375,1906
2024-06-14 12:06:00+05:30,2941.800048828125,2942.85009765625,2941.10009765625,2942.85009765625,2942.85009765625,2331
2024-06-14 12:07:00+05:30,2943.0,2943.10009765625,2940.85009765625,2942.10009765625,2942.10009765625,5675
2024-06-14 12:08:00+05:30,2941.25,2942.550048828125,2941.14990234375,2942.5,2942.5,2134
2024-06-14 12:09:00+05:30,2941.35009765625,2942.14990234375,2940.300048828125,2940.35009765625,2940.35009765625,2755
2024-06-14 12:10:00+05:30,2940.64990234375,2941.550048828125,2938.85009765625,2939.199951171875,2939.199951171875,4962
2024-06-14 12:11:00+05:30,2939.199951171875,2940.0,2939.0,2939.75,2939.75,915
2024-06-14 12:12:00+05:30,2939.699951171875,2941.85009765625,2939.699951171875,2940.60009765625,2940.60009765625,6138
2024-06-14 12:13:00+05:30,2940.75,2942.0,2940.75,2941.75,2941.75,2916
2024-06-14 12:14:00+05:30,2941.75,2942.0,2939.949951171875,2940.0,2940.0,3771
2024-06-14 12:15:00+05:30,2940.0,2941.050048828125,2939.35009765625,2940.25,2940.25,2306
2024-06-14 12:16:00+05:30,2940.050048828125,2942.0,2939.949951171875,2942.0,2942.0,7491
2024-06-14 12:17:00+05:30,2942.0,2942.0,2941.35009765625,2942.0,2942.0,3146
2024-06-14 12:18:00+05:30,2941.949951171875,2943.0,2941.949951171875,2942.949951171875,2942.949951171875,4094
2024-06-14 12:19:00+05:30,2942.949951171875,2943.0,2942.35009765625,2942.89990234375,2942.89990234375,1965
2024-06-14 12:20:00+05:30,2942.89990234375,2943.0,2942.0,2942.89990234375,2942.89990234375,5032
2024-06-14 12:21:00+05:30,2942.89990234375,2943.0,2942.699951171875,2942.89990234375,2942.89990234375,3220
2024-06-14 12:22:00+05:30,2942.949951171875,2943.0,2942.699951171875,2943.0,2943.0,4589
2024-06-14 12:23:00+05:30,2943.10009765625,2945.0,2942.75,2944.64990234375,2944.64990234375,7527
2024-06-14 12:24:00+05:30,2944.60009765625,2945.0,2944.60009765625,2945.0,2945.0,3893
2024-06-14 12:25:00+05:30,2945.0,2945.0,2943.699951171875,2944.199951171875,2944.199951171875,2862
2024-06-14 12:26:00+05:30,2944.199951171875,2944.89990234375,2943.89990234375,2944.14990234375,2944.14990234375,2450
2024-06-14 12:27:00+05:30,2944.14990234375,2944.75,2944.14990234375,2944.75,2944.75,3075
2024-06-14 12:28:00+05:30,2944.75,2944.75,2943.0,2943.5,2943.5,4228
2024-06-14 12:29:00+05:30,2943.550048828125,2943.85009765625,2941.300048828125,2942.14990234375,2942.14990234375,5148
2024-06-14 12:30:00+05:30,2942.14990234375,2943.050048828125,2941.800048828125,2942.39990234375,2942.39990234375,2812
2024-06-14 12:31:00+05:30,2942.39990234375,2943.199951171875,2941.60009765625,2942.75,2942.75,3438
2024-06-14 12:32:00+05:30,2942.75,2943.0,2941.14990234375,2941.35009765625,2941.35009765625,6116
2024-06-14 12:33:00+05:30,2941.35009765625,2942.449951171875,2941.35009765625,2942.10009765625,2942.10009765625,2860
2024-06-14 12:34:00+05:30,2942.050048828125,2942.60009765625,2941.550048828125,2941.75,2941.75,2361
2024-06-14 12:35:00+05:30,2941.60009765625,2943.0,2941.60009765625,2942.949951171875,2942.949951171875,2558
2024-06-14 12:36:00+05:30,2942.949951171875,2943.5,2942.35009765625,2943.25,2943.25,2910
2024-06-14 12:37:00+05:30,2943.5,2943.60009765625,2942.050048828125,2943.60009765625,2943.60009765625,3243
2024-06-14 12:38:00+05:30,2943.5,2943.949951171875,2942.10009765625,2943.39990234375,2943.39990234375,3598
2024-06-14 12:39:00+05:30,2943.199951171875,2943.949951171875,2942.050048828125,2943.5,2943.5,5116
2024-06-14 12:40:00+05:30,2943.949951171875,2944.0,2943.10009765625,2943.75,2943.75,3546
2024-06-14 12:41:00+05:30,2944.0,2944.199951171875,2943.75,2944.0,2944.0,2478
2024-06-14 12:42:00+05:30,2943.800048828125,2944.699951171875,2943.800048828125,2944.550048828125,2944.550048828125,2834
2024-06-14 12:43:00+05:30,2944.550048828125,2946.0,2944.550048828125,2945.60009765625,2945.60009765625,14474
2024-06-14 12:44:00+05:30,2945.550048828125,2945.550048828125,2943.75,2944.14990234375,2944.14990234375,4560
2024-06-14 12:45:00+05:30,2944.0,2945.550048828125,2942.800048828125,2943.699951171875,2943.699951171875,3385
2024-06-14 12:46:00+05:30,2943.699951171875,2944.0,2942.949951171875,2944.0,2944.0,2590
2024-06-14 12:47:00+05:30,2944.0,2944.0,2943.949951171875,2943.949951171875,2943.949951171875,51
2024-06-14 12:48:00+05:30,2945.800048828125,2945.85009765625,2945.35009765625,2945.800048828125,2945.800048828125,10042
2024-06-14 12:49:00+05:30,2945.800048828125,2945.800048828125,2944.800048828125,2945.0,2945.0,2906
2024-06-14 12:50:00+05:30,2944.800048828125,2945.89990234375,2944.800048828125,2945.050048828125,2945.050048828125,3762
2024-06-14 12:51:00+05:30,2945.85009765625,2945.85009765625,2944.10009765625,2945.75,2945.75,2798
2024-06-14 12:52:00+05:30,2945.75,2945.800048828125,2945.0,2945.64990234375,2945.64990234375,5247
2024-06-14 12:53:00+05:30,2945.64990234375,2946.0,2945.449951171875,2946.0,2946.0,4169
2024-06-14 12:54:00+05:30,2945.60009765625,2946.0,2945.0,2945.89990234375,2945.89990234375,4274
2024-06-14 12:55:00+05:30,2945.89990234375,2946.0,2945.64990234375,2945.949951171875,2945.949951171875,4350
2024-06-14 12:56:00+05:30,2945.949951171875,2947.0,2945.949951171875,2946.800048828125,2946.800048828125,14340
2024-06-14 12:57:00+05:30,2946.75,2947.0,2946.0,2946.5,2946.5,4481
2024-06-14 12:58:00+05:30,2946.5,2946.5,2945.050048828125,2945.14990234375,2945.14990234375,3712
2024-06-14 12:59:00+05:30,2945.14990234375,2946.0,2945.050048828125,2946.0,2946.0,3145
2024-06-14 13:00:00+05:30,2945.800048828125,2950.0,2945.800048828125,2949.39990234375,2949.39990234375,30630
2024-06-14 13:01:00+05:30,2949.35009765625,2949.949951171875,2948.14990234375,2948.550048828125,2948.550048828125,7959
2024-06-14 13:02:00+05:30,2948.89990234375,2949.0,2948.199951171875,2948.699951171875,2948.699951171875,6567
2024-06-14 13:03:00+05:30,2949.0,2949.949951171875,2948.5,2948.85009765625,2948.85009765625,6111
2024-06-14 13:04:00+05:30,2949.5,2949.949951171875,2948.199951171875,2949.800048828125,2949.800048828125,7215
2024-06-14 13:05:00+05:30,2948.89990234375,2950.0,2948.85009765625,2949.39990234375,2949.39990234375,8556
2024-06-14 13:06:00+05:30,2949.85009765625,2949.89990234375,2949.0,2949.89990234375,2949.89990234375,4393
2024-06-14 13:07:00+05:30,2949.0,2949.89990234375,2948.25,2949.85009765625,2949.85009765625,4982
2024-06-14 13:08:00+05:30,2948.60009765625,2949.85009765625,2948.300048828125,2948.85009765625,2948.85009765625,2859
2024-06-14 13:09:00+05:30,2948.85009765625,2949.25,2947.64990234375,2948.0,2948.0,4199
2024-06-14 13:10:00+05:30,2948.0,2948.050048828125,2946.60009765625,2948.0,2948.0,3375
2024-06-14 13:11:00+05:30,2947.699951171875,2949.199951171875,2947.699951171875,2948.89990234375,2948.89990234375,3040
2024-06-14 13:12:00+05:30,2948.550048828125,2952.0,2948.550048828125,2952.0,2952.0,34030
2024-06-14 13:13:00+05:30,2953.75,2953.85009765625,2952.0,2952.39990234375,2952.39990234375,22433
2024-06-14 13:14:00+05:30,2953.0,2954.89990234375,2952.449951171875,2953.0,2953.0,15675
2024-06-14 13:15:00+05:30,2953.0,2954.39990234375,2952.550048828125,2954.0,2954.0,17311
2024-06-14 13:16:00+05:30,2954.0,2954.89990234375,2953.85009765625,2954.5,2954.5,8848
2024-06-14 13:17:00+05:30,2954.89990234375,2954.89990234375,2954.0,2954.0,2954.0,8764
2024-06-14 13:18:00+05:30,2954.5,2954.60009765625,2954.0,2954.449951171875,2954.449951171875,8375
2024-06-14 13:19:00+05:30,2954.5,2954.75,2954.0,2954.300048828125,2954.300048828125,11016
2024-06-14 13:20:00+05:30,2954.300048828125,2954.300048828125,2951.10009765625,2952.050048828125,2952.050048828125,14006
2024-06-14 13:21:00+05:30,2952.60009765625,2953.0,2951.5,2952.699951171875,2952.699951171875,8414
2024-06-14 13:22:00+05:30,2952.699951171875,2953.5,2951.5,2951.5,2951.5,8871
2024-06-14 13:23:00+05:30,2951.60009765625,2952.699951171875,2951.60009765625,2951.60009765625,2951.60009765625,6106
2024-06-14 13:24:00+05:30,2951.949951171875,2953.0,2951.10009765625,2951.75,2951.75,7668
2024-06-14 13:25:00+05:30,2952.35009765625,2953.0,2951.75,2952.75,2952.75,5874
2024-06-14 13:26:00+05:30,2953.0,2953.0,2952.0,2953.0,2953.0,4777
2024-06-14 13:27:00+05:30,2952.10009765625,2953.0,2952.10009765625,2953.0,2953.0,3067
2024-06-14 13:28:00+05:30,2952.89990234375,2953.199951171875,2952.5,2952.800048828125,2952.800048828125,3816
2024-06-14 13:29:00+05:30,2952.0,2952.89990234375,2951.5,2951.60009765625,2951.60009765625,4206
2024-06-14 13:30:00+05:30,2952.5,2952.5,2951.5,2951.5,2951.5,7027
2024-06-14 13:31:00+05:30,2951.5,2953.0,2951.39990234375,2951.89990234375,2951.89990234375,8430
2024-06-14 13:32:00+05:30,2952.0,2953.0,2952.0,2952.89990234375,2952.89990234375,4755
2024-06-14 13:33:00+05:30,2952.89990234375,2953.0,2951.5,2951.5,2951.5,7030
2024-06-14 13:34:00+05:30,2952.60009765625,2952.60009765625,2950.14990234375,2950.14990234375,2950.14990234375,9786
2024-06-14 13:35:00+05:30,2950.199951171875,2950.60009765625,2949.0,2950.0,2950.0,13917
2024-06-14 13:36:00+05:30,2949.949951171875,2951.300048828125,2949.199951171875,2949.949951171875,2949.949951171875,7952
2024-06-14 13:37:00+05:30,2949.949951171875,2950.0,2949.0,2949.5,2949.5,5698
2024-06-14 13:38:00+05:30,2949.5,2950.0,2948.0,2949.050048828125,2949.050048828125,7048
2024-06-14 13:39:00+05:30,2948.050048828125,2949.39990234375,2947.89990234375,2948.949951171875,2948.949951171875,15971
2024-06-14 13:40:00+05:30,2948.39990234375,2949.5,2948.14990234375,2948.800048828125,2948.800048828125,6417
2024-06-14 13:41:00+05:30,2948.60009765625,2949.5,2947.550048828125,2948.199951171875,2948.199951171875,7680
2024-06-14 13:42:00+05:30,2948.85009765625,2950.0,2948.199951171875,2950.0,2950.0,5266
2024-06-14 13:43:00+05:30,2949.949951171875,2951.0,2949.89990234375,2950.800048828125,2950.800048828125,2933
2024-06-14 13:44:00+05:30,2950.800048828125,2952.0,2950.75,2951.949951171875,2951.949951171875,3777
2024-06-14 13:45:00+05:30,2951.64990234375,2952.85009765625,2951.64990234375,2952.39990234375,2952.39990234375,6487
2024-06-14 13:46:00+05:30,2952.300048828125,2952.75,2952.0,2952.75,2952.75,4067
2024-06-14 13:47:00+05:30,2952.75,2953.0,2952.0,2952.0,2952.0,7644
2024-06-14 13:48:00+05:30,2952.0,2953.0,2951.60009765625,2952.0,2952.0,8322
2024-06-14 13:49:00+05:30,2951.949951171875,2952.89990234375,2951.949951171875,2952.10009765625,2952.10009765625,2101
2024-06-14 13:50:00+05:30,2952.75,2953.0,2952.0,2952.0,2952.0,4181
2024-06-14 13:51:00+05:30,2952.449951171875,2953.0,2952.25,2952.949951171875,2952.949951171875,3849
2024-06-14 13:52:00+05:30,2953.0,2953.0,2952.949951171875,2952.949951171875,2952.949951171875,3781
2024-06-14 13:53:00+05:30,2953.0,2953.0,2952.0,2952.550048828125,2952.550048828125,4456
2024-06-14 13:54:00+05:30,2952.550048828125,2952.550048828125,2948.60009765625,2949.39990234375,2949.39990234375,10531
2024-06-14 13:55:00+05:30,2949.699951171875,2951.050048828125,2948.14990234375,2948.85009765625,2948.85009765625,12003
2024-06-14 13:56:00+05:30,2949.300048828125,2949.550048828125,2948.10009765625,2949.449951171875,2949.449951171875,4901
2024-06-14 13:57:00+05:30,2949.449951171875,2951.0,2949.449951171875,2949.449951171875,2949.449951171875,4082
2024-06-14 13:58:00+05:30,2949.449951171875,2950.550048828125,2949.449951171875,2949.550048828125,2949.550048828125,3074
2024-06-14 13:59:00+05:30,2949.550048828125,2950.35009765625,2948.0,2948.5,2948.5,7279
2024-06-14 14:00:00+05:30,2949.449951171875,2949.60009765625,2946.300048828125,2949.14990234375,2949.14990234375,7757
2024-06-14 14:01:00+05:30,2949.10009765625,2949.5,2948.25,2948.89990234375,2948.89990234375,3316
2024-06-14 14:02:00+05:30,2949.0,2950.0,2949.0,2949.800048828125,2949.800048828125,4315
2024-06-14 14:03:00+05:30,2950.0,2952.0,2950.0,2951.949951171875,2951.949951171875,4774
2024-06-14 14:04:00+05:30,2950.89990234375,2953.0,2950.89990234375,2952.949951171875,2952.949951171875,8195
2024-06-14 14:05:00+05:30,2953.199951171875,2954.0,2952.60009765625,2952.85009765625,2952.85009765625,11914
2024-06-14 14:06:00+05:30,2952.85009765625,2954.050048828125,2951.39990234375,2953.0,2953.0,14179
2024-06-14 14:07:00+05:30,2952.5,2953.0,2950.5,2951.5,2951.5,8523
2024-06-14 14:08:00+05:30,2952.0,2952.0,2950.5,2950.5,2950.5,6706
2024-06-14 14:09:00+05:30,2951.0,2951.800048828125,2950.449951171875,2950.85009765625,2950.85009765625,4898
2024-06-14 14:10:00+05:30,2951.449951171875,2953.550048828125,2950.949951171875,2951.699951171875,2951.699951171875,11737
2024-06-14 14:11:00+05:30,2953.199951171875,2953.89990234375,2951.89990234375,2953.35009765625,2953.35009765625,21404
2024-06-14 14:12:00+05:30,2952.800048828125,2953.949951171875,2952.39990234375,2953.800048828125,2953.800048828125,7288
2024-06-14 14:13:00+05:30,2953.14990234375,2953.800048828125,2952.14990234375,2953.0,2953.0,4216
2024-06-14 14:14:00+05:30,2953.0,2953.39990234375,2952.050048828125,2952.050048828125,2952.050048828125,3602
2024-06-14 14:15:00+05:30,2953.0,2953.050048828125,2951.449951171875,2952.75,2952.75,3928
2024-06-14 14:16:00+05:30,2952.800048828125,2953.0,2951.10009765625,2952.10009765625,2952.10009765625,4791
2024-06-14 14:17:00+05:30,2951.89990234375,2952.949951171875,2951.0,2952.14990234375,2952.14990234375,9881
2024-06-14 14:18:00+05:30,2952.14990234375,2952.85009765625,2951.0,2951.75,2951.75,6281
2024-06-14 14:19:00+05:30,2951.75,2952.5,2950.949951171875,2951.85009765625,2951.85009765625,6331
2024-06-14 14:20:00+05:30,2951.75,2952.5,2951.10009765625,2952.10009765625,2952.10009765625,5301
2024-06-14 14:21:00+05:30,2952.10009765625,2952.300048828125,2950.60009765625,2951.14990234375,2951.14990234375,7519
2024-06-14 14:22:00+05:30,2951.10009765625,2952.5,2950.449951171875,2951.050048828125,2951.050048828125,4797
2024-06-14 14:23:00+05:30,2951.0,2952.0,2950.39990234375,2951.25,2951.25,9594
2024-06-14 14:24:00+05:30,2951.39990234375,2951.75,2950.449951171875,2950.449951171875,2950.449951171875,4226
2024-06-14 14:25:00+05:30,2950.449951171875,2951.60009765625,2950.25,2951.5,2951.5,4721
2024-06-14 14:26:00+05:30,2951.449951171875,2951.60009765625,2950.949951171875,2951.39990234375,2951.39990234375,5798
2024-06-14 14:27:00+05:30,2951.5,2951.60009765625,2950.39990234375,2951.300048828125,2951.300048828125,13120
2024-06-14 14:28:00+05:30,2950.60009765625,2952.300048828125,2950.60009765625,2951.89990234375,2951.89990234375,9413
2024-06-14 14:29:00+05:30,2951.89990234375,2951.949951171875,2950.300048828125,2950.60009765625,2950.60009765625,4819
2024-06-14 14:30:00+05:30,2950.300048828125,2951.0,2949.10009765625,2950.64990234375,2950.64990234375,6570
2024-06-14 14:31:00+05:30,2950.949951171875,2951.699951171875,2949.699951171875,2950.39990234375,2950.39990234375,7483
2024-06-14 14:32:00+05:30,2950.39990234375,2952.0,2950.25,2950.800048828125,2950.800048828125,9476
2024-06-14 14:33:00+05:30,2951.699951171875,2953.0,2950.800048828125,2952.949951171875,2952.949951171875,6320
2024-06-14 14:34:00+05:30,2952.949951171875,2953.0,2950.949951171875,2953.0,2953.0,8302
2024-06-14 14:35:00+05:30,2952.949951171875,2953.0,2951.64990234375,2951.949951171875,2951.949951171875,10583
2024-06-14 14:36:00+05:30,2951.949951171875,2952.949951171875,2951.199951171875,2951.949951171875,2951.949951171875,8197
2024-06-14 14:37:00+05:30,2951.949951171875,2952.449951171875,2951.050048828125,2952.14990234375,2952.14990234375,6440
2024-06-14 14:38:00+05:30,2952.14990234375,2953.14990234375,2951.050048828125,2951.800048828125,2951.800048828125,9329
2024-06-14 14:39:00+05:30,2952.0,2952.85009765625,2951.0,2952.050048828125,2952.050048828125,7862
2024-06-14 14:40:00+05:30,2952.050048828125,2953.300048828125,2951.0,2953.300048828125,2953.300048828125,21558
2024-06-14 14:41:00+05:30,2953.35009765625,2954.0,2951.0,2951.699951171875,2951.699951171875,21210
2024-06-14 14:42:00+05:30,2951.0,2951.949951171875,2949.75,2950.64990234375,2950.64990234375,15743
2024-06-14 14:43:00+05:30,2950.64990234375,2951.5,2949.300048828125,2951.199951171875,2951.199951171875,24289
2024-06-14 14:44:00+05:30,2949.60009765625,2952.0,2949.60009765625,2951.10009765625,2951.10009765625,25276
2024-06-14 14:45:00+05:30,2951.89990234375,2952.75,2950.449951171875,2950.89990234375,2950.89990234375,22751
2024-06-14 14:46:00+05:30,2950.800048828125,2951.449951171875,2950.35009765625,2950.89990234375,2950.89990234375,10310
2024-06-14 14:47:00+05:30,2950.85009765625,2951.300048828125,2949.75,2950.949951171875,2950.949951171875,9948
2024-06-14 14:48:00+05:30,2950.949951171875,2951.5,2950.300048828125,2950.800048828125,2950.800048828125,9447
2024-06-14 14:49:00+05:30,2951.10009765625,2951.85009765625,2950.300048828125,2951.85009765625,2951.85009765625,11392
2024-06-14 14:50:00+05:30,2951.949951171875,2952.0,2951.050048828125,2951.85009765625,2951.85009765625,21707
2024-06-14 14:51:00+05:30,2951.75,2951.75,2949.550048828125,2951.0,2951.0,18690
2024-06-14 14:52:00+05:30,2950.050048828125,2951.449951171875,2949.050048828125,2950.699951171875,2950.699951171875,10121
2024-06-14 14:53:00+05:30,2951.14990234375,2951.449951171875,2950.050048828125,2950.5,2950.5,9729
2024-06-14 14:54:00+05:30,2951.0,2952.0,2950.5,2951.39990234375,2951.39990234375,6914
2024-06-14 14:55:00+05:30,2951.35009765625,2952.0,2951.0,2951.449951171875,2951.449951171875,9908
2024-06-14 14:56:00+05:30,2951.75,2951.800048828125,2950.35009765625,2951.5,2951.5,7059
2024-06-14 14:57:00+05:30,2951.64990234375,2952.0,2950.35009765625,2951.199951171875,2951.199951171875,11263
2024-06-14 14:58:00+05:30,2951.0,2952.0,2951.0,2951.10009765625,2951.10009765625,9443
2024-06-14 14:59:00+05:30,2951.0,2952.0,2951.0,2952.0,2952.0,6965
2024-06-14 15:00:00+05:30,2952.0,2954.89990234375,2951.5,2954.550048828125,2954.550048828125,47728
2024-06-14 15:01:00+05:30,2954.550048828125,2956.85009765625,2954.550048828125,2956.199951171875,2956.199951171875,55257
2024-06-14 15:02:00+05:30,2956.199951171875,2957.0,2956.14990234375,2956.800048828125,2956.800048828125,32169
2024-06-14 15:03:00+05:30,2956.949951171875,2958.0,2956.699951171875,2957.5,2957.5,32942
2024-06-14 15:04:00+05:30,2957.449951171875,2958.25,2956.050048828125,2956.89990234375,2956.89990234375,36321
2024-06-14 15:05:00+05:30,2957.0,2958.0,2957.0,2957.949951171875,2957.949951171875,32118
2024-06-14 15:06:00+05:30,2957.949951171875,2959.050048828125,2957.14990234375,2958.60009765625,2958.60009765625,32096
2024-06-14 15:07:00+05:30,2958.300048828125,2958.949951171875,2956.14990234375,2956.14990234375,2956.14990234375,53214
2024-06-14 15:08:00+05:30,2955.75,2957.85009765625,2955.60009765625,2956.199951171875,2956.199951171875,43056
2024-06-14 15:09:00+05:30,2956.800048828125,2956.89990234375,2953.14990234375,2956.25,2956.25,37973
2024-06-14 15:10:00+05:30,2955.0,2956.300048828125,2953.85009765625,2953.85009765625,2953.85009765625,37036
2024-06-14 15:11:00+05:30,2953.800048828125,2957.0,2953.800048828125,2955.199951171875,2955.199951171875,29973
2024-06-14 15:12:00+05:30,2955.949951171875,2956.5,2954.449951171875,2955.699951171875,2955.699951171875,34200
2024-06-14 15:13:00+05:30,2955.800048828125,2956.10009765625,2953.89990234375,2956.10009765625,2956.10009765625,36322
2024-06-14 15:14:00+05:30,2955.949951171875,2956.35009765625,2954.949951171875,2955.5,2955.5,40216
2024-06-14 15:15:00+05:30,2955.60009765625,2956.5,2954.199951171875,2956.5,2956.5,37366
2024-06-14 15:16:00+05:30,2956.10009765625,2956.199951171875,2954.25,2954.25,2954.25,35589
2024-06-14 15:17:00+05:30,2954.949951171875,2955.60009765625,2954.10009765625,2954.25,2954.25,48359
2024-06-14 15:18:00+05:30,2953.949951171875,2955.300048828125,2952.85009765625,2954.0,2954.0,50286
2024-06-14 15:19:00+05:30,2954.39990234375,2954.699951171875,2953.0,2953.300048828125,2953.300048828125,35728
2024-06-14 15:20:00+05:30,2953.550048828125,2953.949951171875,2951.75,2953.199951171875,2953.199951171875,54876
2024-06-14 15:21:00+05:30,2953.199951171875,2953.60009765625,2952.550048828125,2953.35009765625,2953.35009765625,35790
2024-06-14 15:22:00+05:30,2953.35009765625,2954.0,2953.050048828125,2953.75,2953.75,31512
2024-06-14 15:23:00+05:30,2953.800048828125,2954.050048828125,2952.64990234375,2953.60009765625,2953.60009765625,36680
2024-06-14 15:24:00+05:30,2953.60009765625,2954.300048828125,2953.35009765625,2954.25,2954.25,33576
2024-06-14 15:25:00+05:30,2953.75,2954.0,2952.0,2952.25,2952.25,40089
2024-06-14 15:26:00+05:30,2952.25,2953.699951171875,2952.199951171875,2953.39990234375,2953.39990234375,29849
2024-06-14 15:27:00+05:30,2953.39990234375,2953.449951171875,2951.449951171875,2953.0,2953.0,32918
2024-06-14 15:28:00+05:30,2953.0,2953.35009765625,2951.0,2952.39990234375,2952.39990234375,22089
2024-06-14 15:29:00+05:30,2952.39990234375,2953.0,2951.0,2951.050048828125,2951.050048828125,8740
